Workbook

Sheet SOL_LICITUDS_PRESTEC
A1: Marca de temps | B1: Marca_temps | C1: Adreça_correu | D1: Codi_usuari | E1: Tipus_equip | F1: Model_preferit | G1: Data_inici | H1: Data_retorn | I1: Motiu | J1: Observacions | K1: Adreça electrònica
A2: 45698.386 | B2: 45698.386 | C2: maria.santos@electrotech.cat | D2: EMP001 | E2: Portàtil | F2: ThinkPad | G2: 45699 | H2: 45713 | I2: Presentació client | J2: Client important Girona | K2: maria.santos@electrotech.cat
A3: 45698.398 | B3: 45698.398 | C3: josep.ribas@electrotech.cat | D3: EMP002 | E3: Tàblet | G3: 45700 | H3: 45707 | I3: Treball remot | J3: Weekend working | K3: josep.ribas@electrotech.cat
A4: 45698.42 | B4: 45698.42 | C4: carles.puig@electrotech.cat | D4: EMP003 | E4: Disc extern | F4: 2TB | G4: 45698 | H4: 45699 | I4: Substitució equip avariat | J4: Backup urgent | K4: carles.puig@electrotech.cat
A5: 45698.474 | B5: 45698.474 | C5: anna.mercader@electrotech.cat | D5: EMP004 | E5: Portàtil | F5: HP ProBook | G5: 45701 | H5: 45715 | I5: Viatge de negocis | J5: Fira Barcelona | K5: anna.mercader@electrotech.cat
A6: 45698.596 | B6: 45698.596 | C6: david.martin@electrotech.cat | D6: EMP005 | E6: Càmera | G6: 45702 | H6: 45703 | I6: Formació externa | J6: Gravar sessions | K6: david.martin@electrotech.cat
A7: 45698.656 | B7: 45698.656 | C7: laura.vidal@electrotech.cat | D7: EMP006 | E7: Mòbil | F7: iPhone | G7: 45699 | H7: 45727 | I7: Viatge de negocis | J7: MWC Barcelona | K7: laura.vidal@electrotech.cat
A8: 45698.69 | B8: 45698.69 | C8: jordi.casals@electrotech.cat | D8: EMP007 | E8: Portàtil | F8: Dell | G8: 45700 | H8: 45714 | I8: Substitució equip avariat | J8: El meu no arrenca | K8: jordi.casals@electrotech.cat
A9: 45699.365 | B9: 45699.365 | C9: marta.ferrer@electrotech.cat | D9: EMP008 | E9: Tàblet | F9: Samsung | G9: 45701 | H9: 45708 | I9: Presentació client | J9: Demo interactiva | K9: marta.ferrer@electrotech.cat
A10: 45699.386 | B10: 45699.386 | C10: roger.pons@electrotech.cat | D10: EMP009 | E10: Disc extern | G10: 45699 | H10: 45706 | I10: Altres | J10: Migració dades | K10: roger.pons@electrotech.cat
A11: 45699.437 | B11: 45699.437 | C11: sonia.camps@electrotech.cat | D11: EMP010 | E11: Accessories | F11: Teclat | G11: 45702 | H11: 45730 | I11: Treball remot | J11: Teletreball prolongat | K11: sonia.camps@electrotech.cat
A12: 45699.483 | B12: 45699.483 | C12: pau.miro@electrotech.cat | D12: EMP011 | E12: Tàblet | F12: iPad | G12: 45703 | H12: 45717 | I12: Formació externa | J12: Curs disseny | K12: pau.miro@electrotech.cat
A13: 45699.572 | B13: 45699.572 | C13: clara.bosch@electrotech.cat | D13: EMP012 | E13: Portàtil | G13: 45705 | H13: 45719 | I13: Viatge de negocis | J13: Visites Andalusia | K13: clara.bosch@electrotech.cat
A14: 45699.599 | B14: 45699.599 | C14: albert.roca@electrotech.cat | D14: EMP013 | E14: Disc extern | F14: 4TB | G14: 45699 | H14: 45706 | I14: Altres | J14: Backup servidor | K14: albert.roca@electrotech.cat
A15: 45699.638 | B15: 45699.638 | C15: nuria.font@electrotech.cat | D15: EMP014 | E15: Portàtil | F15: Lenovo | G15: 45706 | H15: 45713 | I15: Presentació client | J15: Ajuntament | K15: nuria.font@electrotech.cat
A16: 45699.702 | B16: 45699.702 | C16: marc.sola@electrotech.cat | D16: EMP015 | E16: Portàtil | F16: ThinkPad | G16: 45707 | H16: 45721 | I16: Formació externa | J16: Certificació MS | K16: marc.sola@electrotech.cat
A17: 45700.393 | B17: 45700.393 | C17: eva.torres@electrotech.cat | D17: EMP016 | E17: Càmera | F17: Sony | G17: 45708 | H17: 45715 | I17: Altres | J17: Fotos producte | K17: eva.torres@electrotech.cat
A18: 45700.426 | B18: 45700.426 | C18: francesc.gil@electrotech.cat | D18: EMP017 | E18: Portàtil | G18: 45709 | H18: 45723 | I18: Treball remot | J18: Remot client | K18: francesc.gil@electrotech.cat
A19: 45700.485 | B19: 45700.485 | C19: isabel.prats@electrotech.cat | D19: EMP018 | E19: Mòbil | F19: Samsung | G19: 45712 | H19: 45726 | I19: Viatge de negocis | J19: França | K19: isabel.prats@electrotech.cat
A20: 45700.558 | B20: 45700.558 | C20: ramon.serra@electrotech.cat | D20: EMP019 | E20: Tàblet | G20: 45713 | H20: 45719 | I20: Altres | J20: Control qualitat | K20: ramon.serra@electrotech.cat
A21: 45700.617 | B21: 45700.617 | C21: lidia.mas@electrotech.cat | D21: EMP020 | E21: Portàtil | F21: Dell | G21: 45714 | H21: 45728 | I21: Formació externa | J21: Curs RRHH | K21: lidia.mas@electrotech.cat
A22: 45700.636 | B22: 45700.636 | C22: montse.valls@electrotech.cat | D22: EMP021 | E22: Tàblet | F22: iPad | G22: 45699 | H22: 45706 | I22: Presentació client | J22: Demo producte | K22: montse.valls@electrotech.cat
A23: 45700.671 | B23: 45700.671 | C23: joaquim.ruiz@electrotech.cat | D23: EMP022 | E23: Portàtil | G23: 45715 | H23: 45722 | I23: Treball remot | J23: Seguretat remota | K23: joaquim.ruiz@electrotech.cat
A24: 45701.388 | B24: 45701.388 | C24: carmen.lopez@electrotech.cat | D24: EMP023 | E24: Accessories | F24: Webcam | G24: 45716 | H24: 45730 | I24: Treball remot | J24: Videoconferències | K24: carmen.lopez@electrotech.cat
A25: 45701.448 | B25: 45701.448 | C25: pere.castell@electrotech.cat | D25: EMP024 | E25: Portàtil | F25: ThinkPad | G25: 45719 | H25: 45733 | I25: Viatge de negocis | J25: Reunions direcció | K25: pere.castell@electrotech.cat
A26: 45701.474 | B26: 45701.474 | C26: maria.santos@electrotech.cat | D26: EMP001 | E26: Tàblet | F26: iPad | G26: 45702 | H26: 45709 | I26: Presentació client | J26: Segona demo | K26: maria.santos@electrotech.cat
A27: 45701.569 | B27: 45701.569 | C27: maria.santos@electrotech.cat | D27: EMP001 | E27: Portàtil | F27: HP | G27: 45703 | H27: 45710 | I27: Viatge de negocis | J27: Tercer equip | K27: maria.santos@electrotech.cat
A28: 45701.62 | B28: 45701.62 | C28: jordi.casals@electrotech.cat | D28: EMP007 | E28: Tàblet | G28: 45704 | H28: 45711 | I28: Altres | J28: Segon equip | K28: jordi.casals@electrotech.cat
A29: 45701.645 | B29: 45701.645 | C29: carles.puig@electrotech.cat | D29: EMP003 | E29: Portàtil | G29: 45708 | H29: 45703 | I29: Presentació client | J29: Dates incorrectes | K29: carles.puig@electrotech.cat
A30: 45701.678 | B30: 45701.678 | C30: laura.vidal@electrotech.cat | D30: EMP006 | E30: Portàtil | G30: 45705 | H30: 45719 | I30: Treball remot | J30: Segon equip | K30: laura.vidal@electrotech.cat
A31: 45701.712 | B31: 45701.712 | C31: david.martin@electrotech.cat | D31: EMP005 | E31: Projector | G31: 45706 | H31: 45707 | I31: Presentació client | J31: Reunió interna | K31: david.martin@electrotech.cat

Sheet APROVACIONS_AUTO
A1: ID_Solicitud | B1: Codi_usuari | C1: Tipus_equip | D1: Data_inici_real | E1: Dates_ok | F1: Equips_disponibles | G1: Prestecs_actius | H1: Estat_auto | I1: Equip_assignat
A2: =ROW()-1 -> 1 | B2: {=SOL_LICITUDS_PRESTEC!D2:D1000} -> EMP001 | C2: {=SOL_LICITUDS_PRESTEC!E2:E1000} -> Portàtil | D2: 45699 | E2: =IF(D2="", "PENDENT_DATA", IF(SOL_LICITUDS_PRESTEC!G2<= SOL_LICITUDS_PRESTEC!H2, "OK", "ERROR_DATES")) -> OK | F2: =IF(B2="","", COUNTIFS(inventari!B:B,C2,inventari!F:F,"SI",inventari!G:G,"Disponible")-COUNTIFS($C$1:C1,C2,$H$1:H1,"APROVAT_AUTO")) -> 4 | G2: =IF(B2=""," ", COUNTIFS(inventari!H:H, B2, inventari!G:G, "En_Prestec") + COUNTIFS(SOL_LICITUDS_PRESTEC!D:D, B2, SOL_LICITUDS_PRESTEC!G:G, "<="&TODAY())) -> 4 | H2: =IF(B2="","", IF(E2="PENDENT_DATA","PENDENT_DATA", IF(AND(F2>0, E2="OK", NOT(AND(B2="EMP001", COUNTIF($B$2:B2,B2)>=3)), NOT(AND(B2="EMP007", COUNTIF($B$2:B2,B2)>=2))), "APROVAT_AUTO", IF(F2=0,"SENSE_EQUIPS", IF(OR(AND(B2="EMP001", COUNTIF($B$2:B2,B2)>=3), AND(B2="EMP007", COUNTIF($B$2:B2,B2)>=2)), "LIMIT_SUPERAT", "REVISAR"))))) -> APROVAT_AUTO | I2: {=IF(H2="APROVAT_AUTO",IFERROR(INDEX(inventari!A:A,MATCH(1, (inventari!B:B=C2)*(inventari!G:G="Disponible")*(inventari!F:F="Si")*(COUNTIF($I$1:I1, inventari!A:A)=0), 0)), ""), "")} -> POR003
A3: =ROW()-1 -> 2 | B3: EMP002 | C3: Tàblet | D3: 45700 | E3: =IF(D3="", "PENDENT_DATA", IF(SOL_LICITUDS_PRESTEC!G3<= SOL_LICITUDS_PRESTEC!H3, "OK", "ERROR_DATES")) -> OK | F3: =IF(B3="","", COUNTIFS(inventari!B:B,C3,inventari!F:F,"SI",inventari!G:G,"Disponible")-COUNTIFS($C$1:C2,C3,$H$1:H2,"APROVAT_AUTO")) -> 3 | G3: =IF(B3=""," ", COUNTIFS(inventari!H:H, B3, inventari!G:G, "En_Prestec") + COUNTIFS(SOL_LICITUDS_PRESTEC!D:D, B3, SOL_LICITUDS_PRESTEC!G:G, "<="&TODAY())) -> 1 | H3: =IF(B3="","", IF(E3="PENDENT_DATA","PENDENT_DATA", IF(AND(F3>0, E3="OK", NOT(AND(B3="EMP001", COUNTIF($B$2:B3,B3)>=3)), NOT(AND(B3="EMP007", COUNTIF($B$2:B3,B3)>=2))), "APROVAT_AUTO", IF(F3=0,"SENSE_EQUIPS", IF(OR(AND(B3="EMP001", COUNTIF($B$2:B3,B3)>=3), AND(B3="EMP007", COUNTIF($B$2:B3,B3)>=2)), "LIMIT_SUPERAT", "REVISAR"))))) -> APROVAT_AUTO | I3: {=IF(H3="APROVAT_AUTO",IFERROR(INDEX(inventari!A:A,MATCH(1, (inventari!B:B=C3)*(inventari!G:G="Disponible")*(inventari!F:F="Si")*(COUNTIF($I$1:I2, inventari!A:A)=0), 0)), ""), "")} -> TAB003
A4: =ROW()-1 -> 3 | B4: EMP003 | C4: Disc extern | D4: 45698 | E4: =IF(D4="", "PENDENT_DATA", IF(SOL_LICITUDS_PRESTEC!G4<= SOL_LICITUDS_PRESTEC!H4, "OK", "ERROR_DATES")) -> OK | F4: =IF(B4="","", COUNTIFS(inventari!B:B,C4,inventari!F:F,"SI",inventari!G:G,"Disponible")-COUNTIFS($C$1:C3,C4,$H$1:H3,"APROVAT_AUTO")) -> 3 | G4: =IF(B4=""," ", COUNTIFS(inventari!H:H, B4, inventari!G:G, "En_Prestec") + COUNTIFS(SOL_LICITUDS_PRESTEC!D:D, B4, SOL_LICITUDS_PRESTEC!G:G, "<="&TODAY())) -> 3 | H4: =IF(B4="","", IF(E4="PENDENT_DATA","PENDENT_DATA", IF(AND(F4>0, E4="OK", NOT(AND(B4="EMP001", COUNTIF($B$2:B4,B4)>=3)), NOT(AND(B4="EMP007", COUNTIF($B$2:B4,B4)>=2))), "APROVAT_AUTO", IF(F4=0,"SENSE_EQUIPS", IF(OR(AND(B4="EMP001", COUNTIF($B$2:B4,B4)>=3), AND(B4="EMP007", COUNTIF($B$2:B4,B4)>=2)), "LIMIT_SUPERAT", "REVISAR"))))) -> APROVAT_AUTO | I4: {=IF(H4="APROVAT_AUTO",IFERROR(INDEX(inventari!A:A,MATCH(1, (inventari!B:B=C4)*(inventari!G:G="Disponible")*(inventari!F:F="Si")*(COUNTIF($I$1:I3, inventari!A:A)=0), 0)), ""), "")} -> DD003
A5: =ROW()-1 -> 4 | B5: EMP004 | C5: Portàtil | D5: 45701 | E5: =IF(D5="", "PENDENT_DATA", IF(SOL_LICITUDS_PRESTEC!G5<= SOL_LICITUDS_PRESTEC!H5, "OK", "ERROR_DATES")) -> OK | F5: =IF(B5="","", COUNTIFS(inventari!B:B,C5,inventari!F:F,"SI",inventari!G:G,"Disponible")-COUNTIFS($C$1:C4,C5,$H$1:H4,"APROVAT_AUTO")) -> 3 | G5: =IF(B5=""," ", COUNTIFS(inventari!H:H, B5, inventari!G:G, "En_Prestec") + COUNTIFS(SOL_LICITUDS_PRESTEC!D:D, B5, SOL_LICITUDS_PRESTEC!G:G, "<="&TODAY())) -> 1 | H5: =IF(B5="","", IF(E5="PENDENT_DATA","PENDENT_DATA", IF(AND(F5>0, E5="OK", NOT(AND(B5="EMP001", COUNTIF($B$2:B5,B5)>=3)), NOT(AND(B5="EMP007", COUNTIF($B$2:B5,B5)>=2))), "APROVAT_AUTO", IF(F5=0,"SENSE_EQUIPS", IF(OR(AND(B5="EMP001", COUNTIF($B$2:B5,B5)>=3), AND(B5="EMP007", COUNTIF($B$2:B5,B5)>=2)), "LIMIT_SUPERAT", "REVISAR"))))) -> APROVAT_AUTO | I5: {=IF(H5="APROVAT_AUTO",IFERROR(INDEX(inventari!A:A,MATCH(1, (inventari!B:B=C5)*(inventari!G:G="Disponible")*(inventari!F:F="Si")*(COUNTIF($I$1:I4, inventari!A:A)=0), 0)), ""), "")} -> POR005
A6: =ROW()-1 -> 5 | B6: EMP005 | C6: Càmera | D6: 45702 | E6: =IF(D6="", "PENDENT_DATA", IF(SOL_LICITUDS_PRESTEC!G6<= SOL_LICITUDS_PRESTEC!H6, "OK", "ERROR_DATES")) -> OK | F6: =IF(B6="","", COUNTIFS(inventari!B:B,C6,inventari!F:F,"SI",inventari!G:G,"Disponible")-COUNTIFS($C$1:C5,C6,$H$1:H5,"APROVAT_AUTO")) -> 1 | G6: =IF(B6=""," ", COUNTIFS(inventari!H:H, B6, inventari!G:G, "En_Prestec") + COUNTIFS(SOL_LICITUDS_PRESTEC!D:D, B6, SOL_LICITUDS_PRESTEC!G:G, "<="&TODAY())) -> 3 | H6: =IF(B6="","", IF(E6="PENDENT_DATA","PENDENT_DATA", IF(AND(F6>0, E6="OK", NOT(AND(B6="EMP001", COUNTIF($B$2:B6,B6)>=3)), NOT(AND(B6="EMP007", COUNTIF($B$2:B6,B6)>=2))), "APROVAT_AUTO", IF(F6=0,"SENSE_EQUIPS", IF(OR(AND(B6="EMP001", COUNTIF($B$2:B6,B6)>=3), AND(B6="EMP007", COUNTIF($B$2:B6,B6)>=2)), "LIMIT_SUPERAT", "REVISAR"))))) -> APROVAT_AUTO | I6: {=IF(H6="APROVAT_AUTO",IFERROR(INDEX(inventari!A:A,MATCH(1, (inventari!B:B=C6)*(inventari!G:G="Disponible")*(inventari!F:F="Si")*(COUNTIF($I$1:I5, inventari!A:A)=0), 0)), ""), "")} -> CAM001
A7: =ROW()-1 -> 6 | B7: EMP006 | C7: Mòbil | D7: 45699 | E7: =IF(D7="", "PENDENT_DATA", IF(SOL_LICITUDS_PRESTEC!G7<= SOL_LICITUDS_PRESTEC!H7, "OK", "ERROR_DATES")) -> OK | F7: =IF(B7="","", COUNTIFS(inventari!B:B,C7,inventari!F:F,"SI",inventari!G:G,"Disponible")-COUNTIFS($C$1:C6,C7,$H$1:H6,"APROVAT_AUTO")) -> 3 | G7: =IF(B7=""," ", COUNTIFS(inventari!H:H, B7, inventari!G:G, "En_Prestec") + COUNTIFS(SOL_LICITUDS_PRESTEC!D:D, B7, SOL_LICITUDS_PRESTEC!G:G, "<="&TODAY())) -> 3 | H7: =IF(B7="","", IF(E7="PENDENT_DATA","PENDENT_DATA", IF(AND(F7>0, E7="OK", NOT(AND(B7="EMP001", COUNTIF($B$2:B7,B7)>=3)), NOT(AND(B7="EMP007", COUNTIF($B$2:B7,B7)>=2))), "APROVAT_AUTO", IF(F7=0,"SENSE_EQUIPS", IF(OR(AND(B7="EMP001", COUNTIF($B$2:B7,B7)>=3), AND(B7="EMP007", COUNTIF($B$2:B7,B7)>=2)), "LIMIT_SUPERAT", "REVISAR"))))) -> APROVAT_AUTO | I7: {=IF(H7="APROVAT_AUTO",IFERROR(INDEX(inventari!A:A,MATCH(1, (inventari!B:B=C7)*(inventari!G:G="Disponible")*(inventari!F:F="Si")*(COUNTIF($I$1:I6, inventari!A:A)=0), 0)), ""), "")} -> MOB002
A8: =ROW()-1 -> 7 | B8: EMP007 | C8: Portàtil | D8: 45700 | E8: =IF(D8="", "PENDENT_DATA", IF(SOL_LICITUDS_PRESTEC!G8<= SOL_LICITUDS_PRESTEC!H8, "OK", "ERROR_DATES")) -> OK | F8: =IF(B8="","", COUNTIFS(inventari!B:B,C8,inventari!F:F,"SI",inventari!G:G,"Disponible")-COUNTIFS($C$1:C7,C8,$H$1:H7,"APROVAT_AUTO")) -> 2 | G8: =IF(B8=""," ", COUNTIFS(inventari!H:H, B8, inventari!G:G, "En_Prestec") + COUNTIFS(SOL_LICITUDS_PRESTEC!D:D, B8, SOL_LICITUDS_PRESTEC!G:G, "<="&TODAY())) -> 3 | H8: =IF(B8="","", IF(E8="PENDENT_DATA","PENDENT_DATA", IF(AND(F8>0, E8="OK", NOT(AND(B8="EMP001", COUNTIF($B$2:B8,B8)>=3)), NOT(AND(B8="EMP007", COUNTIF($B$2:B8,B8)>=2))), "APROVAT_AUTO", IF(F8=0,"SENSE_EQUIPS", IF(OR(AND(B8="EMP001", COUNTIF($B$2:B8,B8)>=3), AND(B8="EMP007", COUNTIF($B$2:B8,B8)>=2)), "LIMIT_SUPERAT", "REVISAR"))))) -> APROVAT_AUTO | I8: {=IF(H8="APROVAT_AUTO",IFERROR(INDEX(inventari!A:A,MATCH(1, (inventari!B:B=C8)*(inventari!G:G="Disponible")*(inventari!F:F="Si")*(COUNTIF($I$1:I7, inventari!A:A)=0), 0)), ""), "")} -> POR008
A9: =ROW()-1 -> 8 | B9: EMP008 | C9: Tàblet | D9: 45701 | E9: =IF(D9="", "PENDENT_DATA", IF(SOL_LICITUDS_PRESTEC!G9<= SOL_LICITUDS_PRESTEC!H9, "OK", "ERROR_DATES")) -> OK | F9: =IF(B9="","", COUNTIFS(inventari!B:B,C9,inventari!F:F,"SI",inventari!G:G,"Disponible")-COUNTIFS($C$1:C8,C9,$H$1:H8,"APROVAT_AUTO")) -> 2 | G9: =IF(B9=""," ", COUNTIFS(inventari!H:H, B9, inventari!G:G, "En_Prestec") + COUNTIFS(SOL_LICITUDS_PRESTEC!D:D, B9, SOL_LICITUDS_PRESTEC!G:G, "<="&TODAY())) -> 2 | H9: =IF(B9="","", IF(E9="PENDENT_DATA","PENDENT_DATA", IF(AND(F9>0, E9="OK", NOT(AND(B9="EMP001", COUNTIF($B$2:B9,B9)>=3)), NOT(AND(B9="EMP007", COUNTIF($B$2:B9,B9)>=2))), "APROVAT_AUTO", IF(F9=0,"SENSE_EQUIPS", IF(OR(AND(B9="EMP001", COUNTIF($B$2:B9,B9)>=3), AND(B9="EMP007", COUNTIF($B$2:B9,B9)>=2)), "LIMIT_SUPERAT", "REVISAR"))))) -> APROVAT_AUTO | I9: {=IF(H9="APROVAT_AUTO",IFERROR(INDEX(inventari!A:A,MATCH(1, (inventari!B:B=C9)*(inventari!G:G="Disponible")*(inventari!F:F="Si")*(COUNTIF($I$1:I8, inventari!A:A)=0), 0)), ""), "")} -> TAB005
A10: =ROW()-1 -> 9 | B10: EMP009 | C10: Disc extern | D10: 45699 | E10: =IF(D10="", "PENDENT_DATA", IF(SOL_LICITUDS_PRESTEC!G10<= SOL_LICITUDS_PRESTEC!H10, "OK", "ERROR_DATES")) -> OK | F10: =IF(B10="","", COUNTIFS(inventari!B:B,C10,inventari!F:F,"SI",inventari!G:G,"Disponible")-COUNTIFS($C$1:C9,C10,$H$1:H9,"APROVAT_AUTO")) -> 2 | G10: =IF(B10=""," ", COUNTIFS(inventari!H:H, B10, inventari!G:G, "En_Prestec") + COUNTIFS(SOL_LICITUDS_PRESTEC!D:D, B10, SOL_LICITUDS_PRESTEC!G:G, "<="&TODAY())) -> 2 | H10: =IF(B10="","", IF(E10="PENDENT_DATA","PENDENT_DATA", IF(AND(F10>0, E10="OK", NOT(AND(B10="EMP001", COUNTIF($B$2:B10,B10)>=3)), NOT(AND(B10="EMP007", COUNTIF($B$2:B10,B10)>=2))), "APROVAT_AUTO", IF(F10=0,"SENSE_EQUIPS", IF(OR(AND(B10="EMP001", COUNTIF($B$2:B10,B10)>=3), AND(B10="EMP007", COUNTIF($B$2:B10,B10)>=2)), "LIMIT_SUPERAT", "REVISAR"))))) -> APROVAT_AUTO | I10: {=IF(H10="APROVAT_AUTO",IFERROR(INDEX(inventari!A:A,MATCH(1, (inventari!B:B=C10)*(inventari!G:G="Disponible")*(inventari!F:F="Si")*(COUNTIF($I$1:I9, inventari!A:A)=0), 0)), ""), "")} -> DD001
A11: =ROW()-1 -> 10 | B11: EMP010 | C11: Accessories | D11: 45702 | E11: =IF(D11="", "PENDENT_DATA", IF(SOL_LICITUDS_PRESTEC!G11<= SOL_LICITUDS_PRESTEC!H11, "OK", "ERROR_DATES")) -> OK | F11: =IF(B11="","", COUNTIFS(inventari!B:B,C11,inventari!F:F,"SI",inventari!G:G,"Disponible")-COUNTIFS($C$1:C10,C11,$H$1:H10,"APROVAT_AUTO")) -> 0 | G11: =IF(B11=""," ", COUNTIFS(inventari!H:H, B11, inventari!G:G, "En_Prestec") + COUNTIFS(SOL_LICITUDS_PRESTEC!D:D, B11, SOL_LICITUDS_PRESTEC!G:G, "<="&TODAY())) -> 2 | H11: =IF(B11="","", IF(E11="PENDENT_DATA","PENDENT_DATA", IF(AND(F11>0, E11="OK", NOT(AND(B11="EMP001", COUNTIF($B$2:B11,B11)>=3)), NOT(AND(B11="EMP007", COUNTIF($B$2:B11,B11)>=2))), "APROVAT_AUTO", IF(F11=0,"SENSE_EQUIPS", IF(OR(AND(B11="EMP001", COUNTIF($B$2:B11,B11)>=3), AND(B11="EMP007", COUNTIF($B$2:B11,B11)>=2)), "LIMIT_SUPERAT", "REVISAR"))))) -> SENSE_EQUIPS | I11: {=IF(H11="APROVAT_AUTO",IFERROR(INDEX(inventari!A:A,MATCH(1, (inventari!B:B=C11)*(inventari!G:G="Disponible")*(inventari!F:F="Si")*(COUNTIF($I$1:I10, inventari!A:A)=0), 0)), ""), "")}
A12: =ROW()-1 -> 11 | B12: EMP011 | C12: Tàblet | D12: 45703 | E12: =IF(D12="", "PENDENT_DATA", IF(SOL_LICITUDS_PRESTEC!G12<= SOL_LICITUDS_PRESTEC!H12, "OK", "ERROR_DATES")) -> OK | F12: =IF(B12="","", COUNTIFS(inventari!B:B,C12,inventari!F:F,"SI",inventari!G:G,"Disponible")-COUNTIFS($C$1:C11,C12,$H$1:H11,"APROVAT_AUTO")) -> 1 | G12: =IF(B12=""," ", COUNTIFS(inventari!H:H, B12, inventari!G:G, "En_Prestec") + COUNTIFS(SOL_LICITUDS_PRESTEC!D:D, B12, SOL_LICITUDS_PRESTEC!G:G, "<="&TODAY())) -> 2 | H12: =IF(B12="","", IF(E12="PENDENT_DATA","PENDENT_DATA", IF(AND(F12>0, E12="OK", NOT(AND(B12="EMP001", COUNTIF($B$2:B12,B12)>=3)), NOT(AND(B12="EMP007", COUNTIF($B$2:B12,B12)>=2))), "APROVAT_AUTO", IF(F12=0,"SENSE_EQUIPS", IF(OR(AND(B12="EMP001", COUNTIF($B$2:B12,B12)>=3), AND(B12="EMP007", COUNTIF($B$2:B12,B12)>=2)), "LIMIT_SUPERAT", "REVISAR"))))) -> APROVAT_AUTO | I12: {=IF(H12="APROVAT_AUTO",IFERROR(INDEX(inventari!A:A,MATCH(1, (inventari!B:B=C12)*(inventari!G:G="Disponible")*(inventari!F:F="Si")*(COUNTIF($I$1:I11, inventari!A:A)=0), 0)), ""), "")} -> TAB001
A13: =ROW()-1 -> 12 | B13: EMP012 | C13: Portàtil | D13: 45705 | E13: =IF(D13="", "PENDENT_DATA", IF(SOL_LICITUDS_PRESTEC!G13<= SOL_LICITUDS_PRESTEC!H13, "OK", "ERROR_DATES")) -> OK | F13: =IF(B13="","", COUNTIFS(inventari!B:B,C13,inventari!F:F,"SI",inventari!G:G,"Disponible")-COUNTIFS($C$1:C12,C13,$H$1:H12,"APROVAT_AUTO")) -> 1 | G13: =IF(B13=""," ", COUNTIFS(inventari!H:H, B13, inventari!G:G, "En_Prestec") + COUNTIFS(SOL_LICITUDS_PRESTEC!D:D, B13, SOL_LICITUDS_PRESTEC!G:G, "<="&TODAY())) -> 2 | H13: =IF(B13="","", IF(E13="PENDENT_DATA","PENDENT_DATA", IF(AND(F13>0, E13="OK", NOT(AND(B13="EMP001", COUNTIF($B$2:B13,B13)>=3)), NOT(AND(B13="EMP007", COUNTIF($B$2:B13,B13)>=2))), "APROVAT_AUTO", IF(F13=0,"SENSE_EQUIPS", IF(OR(AND(B13="EMP001", COUNTIF($B$2:B13,B13)>=3), AND(B13="EMP007", COUNTIF($B$2:B13,B13)>=2)), "LIMIT_SUPERAT", "REVISAR"))))) -> APROVAT_AUTO | I13: {=IF(H13="APROVAT_AUTO",IFERROR(INDEX(inventari!A:A,MATCH(1, (inventari!B:B=C13)*(inventari!G:G="Disponible")*(inventari!F:F="Si")*(COUNTIF($I$1:I12, inventari!A:A)=0), 0)), ""), "")} -> POR009
A14: =ROW()-1 -> 13 | B14: EMP013 | C14: Disc extern | D14: 45699 | E14: =IF(D14="", "PENDENT_DATA", IF(SOL_LICITUDS_PRESTEC!G14<= SOL_LICITUDS_PRESTEC!H14, "OK", "ERROR_DATES")) -> OK | F14: =IF(B14="","", COUNTIFS(inventari!B:B,C14,inventari!F:F,"SI",inventari!G:G,"Disponible")-COUNTIFS($C$1:C13,C14,$H$1:H13,"APROVAT_AUTO")) -> 1 | G14: =IF(B14=""," ", COUNTIFS(inventari!H:H, B14, inventari!G:G, "En_Prestec") + COUNTIFS(SOL_LICITUDS_PRESTEC!D:D, B14, SOL_LICITUDS_PRESTEC!G:G, "<="&TODAY())) -> 2 | H14: =IF(B14="","", IF(E14="PENDENT_DATA","PENDENT_DATA", IF(AND(F14>0, E14="OK", NOT(AND(B14="EMP001", COUNTIF($B$2:B14,B14)>=3)), NOT(AND(B14="EMP007", COUNTIF($B$2:B14,B14)>=2))), "APROVAT_AUTO", IF(F14=0,"SENSE_EQUIPS", IF(OR(AND(B14="EMP001", COUNTIF($B$2:B14,B14)>=3), AND(B14="EMP007", COUNTIF($B$2:B14,B14)>=2)), "LIMIT_SUPERAT", "REVISAR"))))) -> APROVAT_AUTO | I14: {=IF(H14="APROVAT_AUTO",IFERROR(INDEX(inventari!A:A,MATCH(1, (inventari!B:B=C14)*(inventari!G:G="Disponible")*(inventari!F:F="Si")*(COUNTIF($I$1:I13, inventari!A:A)=0), 0)), ""), "")} -> DD004
... A31: =ROW()-1 -> 30 | B31: EMP005 | C31: Projector | D31: 45706 | E31: =IF(D31="", "PENDENT_DATA", IF(SOL_LICITUDS_PRESTEC!G31<= SOL_LICITUDS_PRESTEC!H31, "OK", "ERROR_DATES")) -> OK | F31: =IF(B31="","", COUNTIFS(inventari!B:B,C31,inventari!F:F,"SI",inventari!G:G,"Disponible")-COUNTIFS($C$1:C30,C31,$H$1:H30,"APROVAT_AUTO")) -> 2 | G31: =IF(B31=""," ", COUNTIFS(inventari!H:H, B31, inventari!G:G, "En_Prestec") + COUNTIFS(SOL_LICITUDS_PRESTEC!D:D, B31, SOL_LICITUDS_PRESTEC!G:G, "<="&TODAY())) -> 3 | H31: =IF(B31="","", IF(E31="PENDENT_DATA","PENDENT_DATA", IF(AND(F31>0, E31="OK", NOT(AND(B31="EMP001", COUNTIF($B$2:B31,B31)>=3)), NOT(AND(B31="EMP007", COUNTIF($B$2:B31,B31)>=2))), "APROVAT_AUTO", IF(F31=0,"SENSE_EQUIPS", IF(OR(AND(B31="EMP001", COUNTIF($B$2:B31,B31)>=3), AND(B31="EMP007", COUNTIF($B$2:B31,B31)>=2)), "LIMIT_SUPERAT", "REVISAR"))))) -> APROVAT_AUTO | I31: {=IF(H31="APROVAT_AUTO",IFERROR(INDEX(inventari!A:A,MATCH(1, (inventari!B:B=C31)*(inventari!G:G="Disponible")*(inventari!F:F="Si")*(COUNTIF($I$1:I30, inventari!A:A)=0), 0)), ""), "")} -> PROJ001

Sheet RETORNADES
A1: Marca de temps | B1: Marca_temps | C1: Adreça_correu | D1: Codi_equip | E1: Estat_retornada | F1: Comentaris | G1: Confirmat | H1: Adreça electrònica
A2: 45698.688 | B2: 45698.688 | C2: maria.santos@electrotech.cat | D2: POR002 | E2: Perfecte | F2: Tot correcte sense problemes | G2: TRUE | H2: maria.santos@electrotech.cat
A3: 45698.719 | B3: 45698.719 | C3: carles.puig@electrotech.cat | D3: TAB002 | E3: Ratllades lleus | F3: Petita ratllada al marc | G3: TRUE | H3: carles.puig@electrotech.cat
A4: 45699.351 | B4: 45699.351 | C4: josep.ribas@electrotech.cat | D4: DD001 | E4: Perfecte | F4: Retorn estàndard | G4: TRUE | H4: josep.ribas@electrotech.cat
A5: 45699.405 | B5: 45699.405 | C5: laura.vidal@electrotech.cat | D5: MOB003 | E5: Perfecte | F5: Cap problema | G5: TRUE | H5: laura.vidal@electrotech.cat
A6: 45699.43 | B6: 45699.43 | C6: david.martin@electrotech.cat | D6: CAM002 | E6: Avaria menor | F6: L'estabilitzador fa soroll | G6: TRUE | H6: david.martin@electrotech.cat
A7: 45699.608 | B7: 45699.608 | C7: jordi.casals@electrotech.cat | D7: POR004 | E7: Perfecte | F7: Tot OK | G7: TRUE | H7: jordi.casals@electrotech.cat
A8: 45699.645 | B8: 45699.645 | C8: anna.mercader@electrotech.cat | D8: POR999 | E8: Perfecte | F8: Equip inexistent al sistema | G8: TRUE | H8: anna.mercader@electrotech.cat
A9: 45699.698 | B9: 45699.698 | C9: marta.ferrer@electrotech.cat | D9: TAB001 | E9: Ratllades lleus | F9: Ús normal | G9: TRUE | H9: marta.ferrer@electrotech.cat
A10: 45700.386 | B10: 45700.386 | C10: roger.pons@electrotech.cat | D10: DD002 | E10: Perfecte | F10: Sense incidències | G10: TRUE | H10: roger.pons@electrotech.cat
A11: 45700.444 | B11: 45700.444 | C11: sonia.camps@electrotech.cat | D11: ACC002 | E11: Avaria greu | F11: Teclat amb tecles que no funcionen | G11: TRUE | H11: sonia.camps@electrotech.cat
A12: 45700.495 | B12: 45700.495 | C12: pau.miro@electrotech.cat | D12: TAB008 | E12: Perfecte | F12: Tot correcte | G12: TRUE | H12: pau.miro@electrotech.cat
A13: 45700.601 | B13: 45700.601 | C13: clara.bosch@electrotech.cat | D13: POR010 | E13: Trencat/Inutilitzable | F13: Pantalla completament trencada | G13: TRUE | H13: clara.bosch@electrotech.cat
... A16: 45701.433 | B16: 45701.433 | C16: francesc.gil@electrotech.cat | D16: POR006 | E16: Ratllades lleus | F16: Algunes marques d'ús | G16: TRUE | H16: francesc.gil@electrotech.cat

Sheet RETORNADES_AUTO
A1: ID_equip | B1: Validacio_ID | C1: Validacio_prestec | D1: Estat_final | E1: Nou_estat_inventari | F1: Usuari_anterior | G1: Data_prestec_original
A2: {=RETORNADES!D2:D1000} -> POR002 | B2: =IF(A2="","",IF(COUNTIF(inventari!A:A,A2)>0,"ID_VALID","ID_NO_EXISTEIX")) -> ID_VALID | C2: =IF(A2="","",IF(B2="ID_VALID",IF(VLOOKUP(A2,inventari!A:Q,7, FALSE)="En_Prestec","PRESTEC_OK","NO_EN_PRESTEC"),"")) -> PRESTEC_OK | D2: =IF(A2="","",IF(AND(B2="ID_VALID",C2="PRESTEC_OK"),"RETORNADA_VALIDA","ERROR_VALIDACIO")) -> RETORNADA_VALIDA | E2: =IF(D2 = "RETORNADA_VALIDA", IFS( VLOOKUP(A2, RETORNADES!D:E, 2, FALSE) = "Perfecte", "Disponible", VLOOKUP(A2, RETORNADES!D:E, 2, FALSE) = "Ratllades lleus", "Disponible", VLOOKUP(A2, RETORNADES!D:E, 2, FALSE) = "Avaria menor", "Disponible", VLOOKUP(A2, RETORNADES!D:E, 2, FALSE) = "Avaria greu", "Manteniment", VLOOKUP(A2, RETORNADES!D:E, 2, FALSE) = "Trencat/Inutilitzable", "Manteniment", TRUE, "Pendent Revisió" ), "" ) -> Disponible | G2: =IF(B2="ID_VALID",VLOOKUP(A2,inventari!A:Q,9,FALSE),"") -> 45366
A3: TAB002 | B3: =IF(A3="","",IF(COUNTIF(inventari!A:A,A3)>0,"ID_VALID","ID_NO_EXISTEIX")) -> ID_VALID | C3: =IF(A3="","",IF(B3="ID_VALID",IF(VLOOKUP(A3,inventari!A:Q,7, FALSE)="En_Prestec","PRESTEC_OK","NO_EN_PRESTEC"),"")) -> PRESTEC_OK | D3: =IF(A3="","",IF(AND(B3="ID_VALID",C3="PRESTEC_OK"),"RETORNADA_VALIDA","ERROR_VALIDACIO")) -> RETORNADA_VALIDA | E3: =IF(D3 = "RETORNADA_VALIDA", IFS( VLOOKUP(A3, RETORNADES!D:E, 2, FALSE) = "Perfecte", "Disponible", VLOOKUP(A3, RETORNADES!D:E, 2, FALSE) = "Ratllades lleus", "Disponible", VLOOKUP(A3, RETORNADES!D:E, 2, FALSE) = "Avaria menor", "Disponible", VLOOKUP(A3, RETORNADES!D:E, 2, FALSE) = "Avaria greu", "Manteniment", VLOOKUP(A3, RETORNADES!D:E, 2, FALSE) = "Trencat/Inutilitzable", "Manteniment", TRUE, "Pendent Revisió" ), "" ) -> Disponible | F3: =IF(B3="ID_VALID",VLOOKUP(A3,inventari!A:Q,8,FALSE),"") -> EMP003 | G3: =IF(B3="ID_VALID",VLOOKUP(A3,inventari!A:Q,9,FALSE),"") -> 45371
A4: DD001 | B4: =IF(A4="","",IF(COUNTIF(inventari!A:A,A4)>0,"ID_VALID","ID_NO_EXISTEIX")) -> ID_VALID | C4: =IF(A4="","",IF(B4="ID_VALID",IF(VLOOKUP(A4,inventari!A:Q,7, FALSE)="En_Prestec","PRESTEC_OK","NO_EN_PRESTEC"),"")) -> NO_EN_PRESTEC | D4: =IF(A4="","",IF(AND(B4="ID_VALID",C4="PRESTEC_OK"),"RETORNADA_VALIDA","ERROR_VALIDACIO")) -> ERROR_VALIDACIO | E4: =IF(D4 = "RETORNADA_VALIDA", IFS( VLOOKUP(A4, RETORNADES!D:E, 2, FALSE) = "Perfecte", "Disponible", VLOOKUP(A4, RETORNADES!D:E, 2, FALSE) = "Ratllades lleus", "Disponible", VLOOKUP(A4, RETORNADES!D:E, 2, FALSE) = "Avaria menor", "Disponible", VLOOKUP(A4, RETORNADES!D:E, 2, FALSE) = "Avaria greu", "Manteniment", VLOOKUP(A4, RETORNADES!D:E, 2, FALSE) = "Trencat/Inutilitzable", "Manteniment", TRUE, "Pendent Revisió" ), "" ) | F4: =IF(B4="ID_VALID",VLOOKUP(A4,inventari!A:Q,8,FALSE),"") | G4: =IF(B4="ID_VALID",VLOOKUP(A4,inventari!A:Q,9,FALSE),"") -> Error
A5: MOB003 | B5: =IF(A5="","",IF(COUNTIF(inventari!A:A,A5)>0,"ID_VALID","ID_NO_EXISTEIX")) -> ID_VALID | C5: =IF(A5="","",IF(B5="ID_VALID",IF(VLOOKUP(A5,inventari!A:Q,7, FALSE)="En_Prestec","PRESTEC_OK","NO_EN_PRESTEC"),"")) -> PRESTEC_OK | D5: =IF(A5="","",IF(AND(B5="ID_VALID",C5="PRESTEC_OK"),"RETORNADA_VALIDA","ERROR_VALIDACIO")) -> RETORNADA_VALIDA | E5: =IF(D5 = "RETORNADA_VALIDA", IFS( VLOOKUP(A5, RETORNADES!D:E, 2, FALSE) = "Perfecte", "Disponible", VLOOKUP(A5, RETORNADES!D:E, 2, FALSE) = "Ratllades lleus", "Disponible", VLOOKUP(A5, RETORNADES!D:E, 2, FALSE) = "Avaria menor", "Disponible", VLOOKUP(A5, RETORNADES!D:E, 2, FALSE) = "Avaria greu", "Manteniment", VLOOKUP(A5, RETORNADES!D:E, 2, FALSE) = "Trencat/Inutilitzable", "Manteniment", TRUE, "Pendent Revisió" ), "" ) -> Disponible | F5: =IF(B5="ID_VALID",VLOOKUP(A5,inventari!A:Q,8,FALSE),"") -> EMP006 | G5: =IF(B5="ID_VALID",VLOOKUP(A5,inventari!A:Q,9,FALSE),"") -> 45367
A6: CAM002 | B6: =IF(A6="","",IF(COUNTIF(inventari!A:A,A6)>0,"ID_VALID","ID_NO_EXISTEIX")) -> ID_VALID | C6: =IF(A6="","",IF(B6="ID_VALID",IF(VLOOKUP(A6,inventari!A:Q,7, FALSE)="En_Prestec","PRESTEC_OK","NO_EN_PRESTEC"),"")) -> PRESTEC_OK | D6: =IF(A6="","",IF(AND(B6="ID_VALID",C6="PRESTEC_OK"),"RETORNADA_VALIDA","ERROR_VALIDACIO")) -> RETORNADA_VALIDA | E6: =IF(D6 = "RETORNADA_VALIDA", IFS( VLOOKUP(A6, RETORNADES!D:E, 2, FALSE) = "Perfecte", "Disponible", VLOOKUP(A6, RETORNADES!D:E, 2, FALSE) = "Ratllades lleus", "Disponible", VLOOKUP(A6, RETORNADES!D:E, 2, FALSE) = "Avaria menor", "Disponible", VLOOKUP(A6, RETORNADES!D:E, 2, FALSE) = "Avaria greu", "Manteniment", VLOOKUP(A6, RETORNADES!D:E, 2, FALSE) = "Trencat/Inutilitzable", "Manteniment", TRUE, "Pendent Revisió" ), "" ) -> Disponible | F6: =IF(B6="ID_VALID",VLOOKUP(A6,inventari!A:Q,8,FALSE),"") -> EMP005 | G6: =IF(B6="ID_VALID",VLOOKUP(A6,inventari!A:Q,9,FALSE),"") -> 45374
A7: POR004 | B7: =IF(A7="","",IF(COUNTIF(inventari!A:A,A7)>0,"ID_VALID","ID_NO_EXISTEIX")) -> ID_VALID | C7: =IF(A7="","",IF(B7="ID_VALID",IF(VLOOKUP(A7,inventari!A:Q,7, FALSE)="En_Prestec","PRESTEC_OK","NO_EN_PRESTEC"),"")) -> PRESTEC_OK | D7: =IF(A7="","",IF(AND(B7="ID_VALID",C7="PRESTEC_OK"),"RETORNADA_VALIDA","ERROR_VALIDACIO")) -> RETORNADA_VALIDA | E7: =IF(D7 = "RETORNADA_VALIDA", IFS( VLOOKUP(A7, RETORNADES!D:E, 2, FALSE) = "Perfecte", "Disponible", VLOOKUP(A7, RETORNADES!D:E, 2, FALSE) = "Ratllades lleus", "Disponible", VLOOKUP(A7, RETORNADES!D:E, 2, FALSE) = "Avaria menor", "Disponible", VLOOKUP(A7, RETORNADES!D:E, 2, FALSE) = "Avaria greu", "Manteniment", VLOOKUP(A7, RETORNADES!D:E, 2, FALSE) = "Trencat/Inutilitzable", "Manteniment", TRUE, "Pendent Revisió" ), "" ) -> Disponible | F7: =IF(B7="ID_VALID",VLOOKUP(A7,inventari!A:Q,8,FALSE),"") -> EMP007 | G7: =IF(B7="ID_VALID",VLOOKUP(A7,inventari!A:Q,9,FALSE),"") -> 45369
A8: POR999 | B8: =IF(A8="","",IF(COUNTIF(inventari!A:A,A8)>0,"ID_VALID","ID_NO_EXISTEIX")) -> ID_NO_EXISTEIX | C8: =IF(A8="","",IF(B8="ID_VALID",IF(VLOOKUP(A8,inventari!A:Q,7, FALSE)="En_Prestec","PRESTEC_OK","NO_EN_PRESTEC"),"")) | D8: =IF(A8="","",IF(AND(B8="ID_VALID",C8="PRESTEC_OK"),"RETORNADA_VALIDA","ERROR_VALIDACIO")) -> ERROR_VALIDACIO | E8: =IF(D8 = "RETORNADA_VALIDA", IFS( VLOOKUP(A8, RETORNADES!D:E, 2, FALSE) = "Perfecte", "Disponible", VLOOKUP(A8, RETORNADES!D:E, 2, FALSE) = "Ratllades lleus", "Disponible", VLOOKUP(A8, RETORNADES!D:E, 2, FALSE) = "Avaria menor", "Disponible", VLOOKUP(A8, RETORNADES!D:E, 2, FALSE) = "Avaria greu", "Manteniment", VLOOKUP(A8, RETORNADES!D:E, 2, FALSE) = "Trencat/Inutilitzable", "Manteniment", TRUE, "Pendent Revisió" ), "" ) | F8: =IF(B8="ID_VALID",VLOOKUP(A8,inventari!A:Q,8,FALSE),"") | G8: =IF(B8="ID_VALID",VLOOKUP(A8,inventari!A:Q,9,FALSE),"")
A9: TAB001 | B9: =IF(A9="","",IF(COUNTIF(inventari!A:A,A9)>0,"ID_VALID","ID_NO_EXISTEIX")) -> ID_VALID | C9: =IF(A9="","",IF(B9="ID_VALID",IF(VLOOKUP(A9,inventari!A:Q,7, FALSE)="En_Prestec","PRESTEC_OK","NO_EN_PRESTEC"),"")) -> NO_EN_PRESTEC | D9: =IF(A9="","",IF(AND(B9="ID_VALID",C9="PRESTEC_OK"),"RETORNADA_VALIDA","ERROR_VALIDACIO")) -> ERROR_VALIDACIO | E9: =IF(D9 = "RETORNADA_VALIDA", IFS( VLOOKUP(A9, RETORNADES!D:E, 2, FALSE) = "Perfecte", "Disponible", VLOOKUP(A9, RETORNADES!D:E, 2, FALSE) = "Ratllades lleus", "Disponible", VLOOKUP(A9, RETORNADES!D:E, 2, FALSE) = "Avaria menor", "Disponible", VLOOKUP(A9, RETORNADES!D:E, 2, FALSE) = "Avaria greu", "Manteniment", VLOOKUP(A9, RETORNADES!D:E, 2, FALSE) = "Trencat/Inutilitzable", "Manteniment", TRUE, "Pendent Revisió" ), "" ) | F9: =IF(B9="ID_VALID",VLOOKUP(A9,inventari!A:Q,8,FALSE),"") | G9: =IF(B9="ID_VALID",VLOOKUP(A9,inventari!A:Q,9,FALSE),"") -> Error
A10: DD002 | B10: =IF(A10="","",IF(COUNTIF(inventari!A:A,A10)>0,"ID_VALID","ID_NO_EXISTEIX")) -> ID_VALID | C10: =IF(A10="","",IF(B10="ID_VALID",IF(VLOOKUP(A10,inventari!A:Q,7, FALSE)="En_Prestec","PRESTEC_OK","NO_EN_PRESTEC"),"")) -> PRESTEC_OK | D10: =IF(A10="","",IF(AND(B10="ID_VALID",C10="PRESTEC_OK"),"RETORNADA_VALIDA","ERROR_VALIDACIO")) -> RETORNADA_VALIDA | E10: =IF(D10 = "RETORNADA_VALIDA", IFS( VLOOKUP(A10, RETORNADES!D:E, 2, FALSE) = "Perfecte", "Disponible", VLOOKUP(A10, RETORNADES!D:E, 2, FALSE) = "Ratllades lleus", "Disponible", VLOOKUP(A10, RETORNADES!D:E, 2, FALSE) = "Avaria menor", "Disponible", VLOOKUP(A10, RETORNADES!D:E, 2, FALSE) = "Avaria greu", "Manteniment", VLOOKUP(A10, RETORNADES!D:E, 2, FALSE) = "Trencat/Inutilitzable", "Manteniment", TRUE, "Pendent Revisió" ), "" ) -> Disponible | F10: =IF(B10="ID_VALID",VLOOKUP(A10,inventari!A:Q,8,FALSE),"") -> EMP009 | G10: =IF(B10="ID_VALID",VLOOKUP(A10,inventari!A:Q,9,FALSE),"") -> 45372
A11: ACC002 | B11: =IF(A11="","",IF(COUNTIF(inventari!A:A,A11)>0,"ID_VALID","ID_NO_EXISTEIX")) -> ID_VALID | C11: =IF(A11="","",IF(B11="ID_VALID",IF(VLOOKUP(A11,inventari!A:Q,7, FALSE)="En_Prestec","PRESTEC_OK","NO_EN_PRESTEC"),"")) -> PRESTEC_OK | D11: =IF(A11="","",IF(AND(B11="ID_VALID",C11="PRESTEC_OK"),"RETORNADA_VALIDA","ERROR_VALIDACIO")) -> RETORNADA_VALIDA | E11: =IF(D11 = "RETORNADA_VALIDA", IFS( VLOOKUP(A11, RETORNADES!D:E, 2, FALSE) = "Perfecte", "Disponible", VLOOKUP(A11, RETORNADES!D:E, 2, FALSE) = "Ratllades lleus", "Disponible", VLOOKUP(A11, RETORNADES!D:E, 2, FALSE) = "Avaria menor", "Disponible", VLOOKUP(A11, RETORNADES!D:E, 2, FALSE) = "Avaria greu", "Manteniment", VLOOKUP(A11, RETORNADES!D:E, 2, FALSE) = "Trencat/Inutilitzable", "Manteniment", TRUE, "Pendent Revisió" ), "" ) -> Manteniment | F11: =IF(B11="ID_VALID",VLOOKUP(A11,inventari!A:Q,8,FALSE),"") -> EMP010 | G11: =IF(B11="ID_VALID",VLOOKUP(A11,inventari!A:Q,9,FALSE),"") -> 45368
A12: TAB008 | B12: =IF(A12="","",IF(COUNTIF(inventari!A:A,A12)>0,"ID_VALID","ID_NO_EXISTEIX")) -> ID_VALID | C12: =IF(A12="","",IF(B12="ID_VALID",IF(VLOOKUP(A12,inventari!A:Q,7, FALSE)="En_Prestec","PRESTEC_OK","NO_EN_PRESTEC"),"")) -> PRESTEC_OK | D12: =IF(A12="","",IF(AND(B12="ID_VALID",C12="PRESTEC_OK"),"RETORNADA_VALIDA","ERROR_VALIDACIO")) -> RETORNADA_VALIDA | E12: =IF(D12 = "RETORNADA_VALIDA", IFS( VLOOKUP(A12, RETORNADES!D:E, 2, FALSE) = "Perfecte", "Disponible", VLOOKUP(A12, RETORNADES!D:E, 2, FALSE) = "Ratllades lleus", "Disponible", VLOOKUP(A12, RETORNADES!D:E, 2, FALSE) = "Avaria menor", "Disponible", VLOOKUP(A12, RETORNADES!D:E, 2, FALSE) = "Avaria greu", "Manteniment", VLOOKUP(A12, RETORNADES!D:E, 2, FALSE) = "Trencat/Inutilitzable", "Manteniment", TRUE, "Pendent Revisió" ), "" ) -> Disponible | F12: =IF(B12="ID_VALID",VLOOKUP(A12,inventari!A:Q,8,FALSE),"") -> EMP011 | G12: =IF(B12="ID_VALID",VLOOKUP(A12,inventari!A:Q,9,FALSE),"") -> 45361
A13: POR010 | B13: =IF(A13="","",IF(COUNTIF(inventari!A:A,A13)>0,"ID_VALID","ID_NO_EXISTEIX")) -> ID_VALID | C13: =IF(A13="","",IF(B13="ID_VALID",IF(VLOOKUP(A13,inventari!A:Q,7, FALSE)="En_Prestec","PRESTEC_OK","NO_EN_PRESTEC"),"")) -> PRESTEC_OK | D13: =IF(A13="","",IF(AND(B13="ID_VALID",C13="PRESTEC_OK"),"RETORNADA_VALIDA","ERROR_VALIDACIO")) -> RETORNADA_VALIDA | E13: =IF(D13 = "RETORNADA_VALIDA", IFS( VLOOKUP(A13, RETORNADES!D:E, 2, FALSE) = "Perfecte", "Disponible", VLOOKUP(A13, RETORNADES!D:E, 2, FALSE) = "Ratllades lleus", "Disponible", VLOOKUP(A13, RETORNADES!D:E, 2, FALSE) = "Avaria menor", "Disponible", VLOOKUP(A13, RETORNADES!D:E, 2, FALSE) = "Avaria greu", "Manteniment", VLOOKUP(A13, RETORNADES!D:E, 2, FALSE) = "Trencat/Inutilitzable", "Manteniment", TRUE, "Pendent Revisió" ), "" ) -> Manteniment | F13: =IF(B13="ID_VALID",VLOOKUP(A13,inventari!A:Q,8,FALSE),"") -> EMP015 | G13: =IF(B13="ID_VALID",VLOOKUP(A13,inventari!A:Q,9,FALSE),"") -> 45373
A14: ORD001 | B14: =IF(A14="","",IF(COUNTIF(inventari!A:A,A14)>0,"ID_VALID","ID_NO_EXISTEIX")) -> ID_VALID | C14: =IF(A14="","",IF(B14="ID_VALID",IF(VLOOKUP(A14,inventari!A:Q,7, FALSE)="En_Prestec","PRESTEC_OK","NO_EN_PRESTEC"),"")) -> NO_EN_PRESTEC | D14: =IF(A14="","",IF(AND(B14="ID_VALID",C14="PRESTEC_OK"),"RETORNADA_VALIDA","ERROR_VALIDACIO")) -> ERROR_VALIDACIO | E14: =IF(D14 = "RETORNADA_VALIDA", IFS( VLOOKUP(A14, RETORNADES!D:E, 2, FALSE) = "Perfecte", "Disponible", VLOOKUP(A14, RETORNADES!D:E, 2, FALSE) = "Ratllades lleus", "Disponible", VLOOKUP(A14, RETORNADES!D:E, 2, FALSE) = "Avaria menor", "Disponible", VLOOKUP(A14, RETORNADES!D:E, 2, FALSE) = "Avaria greu", "Manteniment", VLOOKUP(A14, RETORNADES!D:E, 2, FALSE) = "Trencat/Inutilitzable", "Manteniment", TRUE, "Pendent Revisió" ), "" ) | F14: =IF(B14="ID_VALID",VLOOKUP(A14,inventari!A:Q,8,FALSE),"") | G14: =IF(B14="ID_VALID",VLOOKUP(A14,inventari!A:Q,9,FALSE),"") -> Error
... A16: POR006 | B16: =IF(A16="","",IF(COUNTIF(inventari!A:A,A16)>0,"ID_VALID","ID_NO_EXISTEIX")) -> ID_VALID | C16: =IF(A16="","",IF(B16="ID_VALID",IF(VLOOKUP(A16,inventari!A:Q,7, FALSE)="En_Prestec","PRESTEC_OK","NO_EN_PRESTEC"),"")) -> PRESTEC_OK | D16: =IF(A16="","",IF(AND(B16="ID_VALID",C16="PRESTEC_OK"),"RETORNADA_VALIDA","ERROR_VALIDACIO")) -> RETORNADA_VALIDA | E16: =IF(D16 = "RETORNADA_VALIDA", IFS( VLOOKUP(A16, RETORNADES!D:E, 2, FALSE) = "Perfecte", "Disponible", VLOOKUP(A16, RETORNADES!D:E, 2, FALSE) = "Ratllades lleus", "Disponible", VLOOKUP(A16, RETORNADES!D:E, 2, FALSE) = "Avaria menor", "Disponible", VLOOKUP(A16, RETORNADES!D:E, 2, FALSE) = "Avaria greu", "Manteniment", VLOOKUP(A16, RETORNADES!D:E, 2, FALSE) = "Trencat/Inutilitzable", "Manteniment", TRUE, "Pendent Revisió" ), "" ) -> Disponible | F16: =IF(B16="ID_VALID",VLOOKUP(A16,inventari!A:Q,8,FALSE),"") -> EMP012 | G16: =IF(B16="ID_VALID",VLOOKUP(A16,inventari!A:Q,9,FALSE),"") -> 45350

Sheet REPARACIONS
A1: ID_Reparacio | B1: ID_Avaria | C1: Codi_equip | D1: Tipus_equip | E1: Problema_detectat | F1: Assignat_a | G1: Tipus_reparacio | H1: Data_inici | I1: Data_prevista_fi | J1: Estat_reparacio | K1: Cost_estimat | L1: Proveidor_extern | M1: Peces_necessaries | N1: Observacions_tecnic
A2: =IF(B2<>"", ROW()-1, "") -> 1 | B2: {=AVARIES_AUTO!A2:A1000} -> 1 | C2: {=AVARIES_AUTO!B2:B1000} -> POR007 | D2: =VLOOKUP(C2, inventari!A:Z, 2, FALSE) -> Portàtil | E2: =VLOOKUP(B2, AVARIES_AUTO!A:F, 6, FALSE) -> Pantalla trencada | F2: EXTERN_MARCA_FABRICANT | G2: =IFERROR(__xludf.DUMMYFUNCTION("( IF(C2<>"""", IFERROR( IF(REGEXMATCH(F2, ""INTERN""), ""INTERN"", IF(F2=""EXTERN_MARCA_FABRICANT"", ""GARANTIA"", IF(F2=""EXTERN_SERVEI_TECNIC"", ""PAGAMENT"", """" ) ) ), )))"),"GARANTIA") -> GARANTIA | H2: 45712.354 | I2: =IF(G2="GARANTIA", H2+10, IF(G2="intern", H2+3, IF(G2="PAGAMENT",H2+7,""))) -> 45722.354 | J2: FINALITZADA | K2: {=IF(ISBLANK(D2:D1000), "", IF(G2:G1000="GARANTIA", 0, IFERROR( VLOOKUP(D2:D1000, Costos_Reparacio!A:B, 2, FALSE), "COST_NO_TROBAT" ) ) )} -> 0 | L2: =IF(F2="", "No assignat", IF(OR(F2="INTERN_EMP005", F2="INTERN_EMP015", F2="INTERN_EMP030", F2="INTERN_EMP032"), "INTERN", IF(F2="EXTERN_SERVEI_TECNIC", "TALLER_LOCAL", IF(F2="EXTERN_MARCA_FABRICANT", "SERVEI_OFICIAL_MARCA", "Proveidor_extern" ) ) ) ) -> SERVEI_OFICIAL_MARCA
A3: =IF(B3<>"", ROW()-1, "") -> 2 | B3: 2 | C3: IMP002 | D3: =VLOOKUP(C3, inventari!A:Z, 2, FALSE) -> Impressora | E3: =VLOOKUP(B3, AVARIES_AUTO!A:F, 6, FALSE) -> Paper encallat (impressores) | F3: INTERN_EMP030 (Francesc Morera IT) | G3: =IFERROR(__xludf.DUMMYFUNCTION("( IF(C3<>"""", IFERROR( IF(REGEXMATCH(F3, ""INTERN""), ""INTERN"", IF(F3=""EXTERN_MARCA_FABRICANT"", ""GARANTIA"", IF(F3=""EXTERN_SERVEI_TECNIC"", ""PAGAMENT"", """" ) ) ), )))"),"INTERN") -> INTERN | H3: 45712.407 | I3: =IF(G3="GARANTIA", H3+10, IF(G3="intern", H3+3, IF(G3="PAGAMENT",H3+7,""))) -> 45715.406 | J3: FINALITZADA | K3: 75 | L3: =IF(F3="", "No assignat", IF(OR(F3="INTERN_EMP005", F3="INTERN_EMP015", F3="INTERN_EMP030", F3="INTERN_EMP032"), "INTERN", IF(F3="EXTERN_SERVEI_TECNIC", "TALLER_LOCAL", IF(F3="EXTERN_MARCA_FABRICANT", "SERVEI_OFICIAL_MARCA", "Proveidor_extern" ) ) ) ) -> Proveidor_extern
A4: =IF(B4<>"", ROW()-1, "") -> 3 | B4: 3 | C4: RAT002 | D4: =VLOOKUP(C4, inventari!A:Z, 2, FALSE) -> Ratolí | E4: =VLOOKUP(B4, AVARIES_AUTO!A:F, 6, FALSE) -> Touchpad/ratolí no funciona | F4: EXTERN_SERVEI_TECNIC | G4: =IFERROR(__xludf.DUMMYFUNCTION("( IF(C4<>"""", IFERROR( IF(REGEXMATCH(F4, ""INTERN""), ""INTERN"", IF(F4=""EXTERN_MARCA_FABRICANT"", ""GARANTIA"", IF(F4=""EXTERN_SERVEI_TECNIC"", ""PAGAMENT"", """" ) ) ), )))"),"PAGAMENT") -> PAGAMENT | H4: 45712.427 | I4: =IF(G4="GARANTIA", H4+10, IF(G4="intern", H4+3, IF(G4="PAGAMENT",H4+7,""))) -> 45719.427 | J4: FINALITZADA | K4: 15 | L4: =IF(F4="", "No assignat", IF(OR(F4="INTERN_EMP005", F4="INTERN_EMP015", F4="INTERN_EMP030", F4="INTERN_EMP032"), "INTERN", IF(F4="EXTERN_SERVEI_TECNIC", "TALLER_LOCAL", IF(F4="EXTERN_MARCA_FABRICANT", "SERVEI_OFICIAL_MARCA", "Proveidor_extern" ) ) ) ) -> TALLER_LOCAL
A5: =IF(B5<>"", ROW()-1, "") -> 4 | B5: 4 | C5: MON006 | D5: =VLOOKUP(C5, inventari!A:Z, 2, FALSE) -> Monitor | E5: =VLOOKUP(B5, AVARIES_AUTO!A:F, 6, FALSE) -> Pantalla no funciona | F5: EXTERN_SERVEI_TECNIC | G5: =IFERROR(__xludf.DUMMYFUNCTION("( IF(C5<>"""", IFERROR( IF(REGEXMATCH(F5, ""INTERN""), ""INTERN"", IF(F5=""EXTERN_MARCA_FABRICANT"", ""GARANTIA"", IF(F5=""EXTERN_SERVEI_TECNIC"", ""PAGAMENT"", """" ) ) ), )))"),"PAGAMENT") -> PAGAMENT | H5: 45712.473 | I5: =IF(G5="GARANTIA", H5+10, IF(G5="intern", H5+3, IF(G5="PAGAMENT",H5+7,""))) -> 45719.473 | J5: FINALITZADA | K5: 85 | L5: =IF(F5="", "No assignat", IF(OR(F5="INTERN_EMP005", F5="INTERN_EMP015", F5="INTERN_EMP030", F5="INTERN_EMP032"), "INTERN", IF(F5="EXTERN_SERVEI_TECNIC", "TALLER_LOCAL", IF(F5="EXTERN_MARCA_FABRICANT", "SERVEI_OFICIAL_MARCA", "Proveidor_extern" ) ) ) ) -> TALLER_LOCAL
A6: =IF(B6<>"", ROW()-1, "") -> 5 | B6: 5 | C6: ORD002 | D6: =VLOOKUP(C6, inventari!A:Z, 2, FALSE) -> Ordinador | E6: =VLOOKUP(B6, AVARIES_AUTO!A:F, 6, FALSE) -> No s'encén | F6: EXTERN_SERVEI_TECNIC | G6: =IFERROR(__xludf.DUMMYFUNCTION("( IF(C6<>"""", IFERROR( IF(REGEXMATCH(F6, ""INTERN""), ""INTERN"", IF(F6=""EXTERN_MARCA_FABRICANT"", ""GARANTIA"", IF(F6=""EXTERN_SERVEI_TECNIC"", ""PAGAMENT"", """" ) ) ), )))"),"PAGAMENT") -> PAGAMENT | H6: 45712.525 | I6: =IF(G6="GARANTIA", H6+10, IF(G6="intern", H6+3, IF(G6="PAGAMENT",H6+7,""))) -> 45719.524 | J6: FINALITZADA | K6: 120 | L6: =IF(F6="", "No assignat", IF(OR(F6="INTERN_EMP005", F6="INTERN_EMP015", F6="INTERN_EMP030", F6="INTERN_EMP032"), "INTERN", IF(F6="EXTERN_SERVEI_TECNIC", "TALLER_LOCAL", IF(F6="EXTERN_MARCA_FABRICANT", "SERVEI_OFICIAL_MARCA", "Proveidor_extern" ) ) ) ) -> TALLER_LOCAL
A7: =IF(B7<>"", ROW()-1, "") -> 6 | B7: 6 | C7: TAB006 | D7: =VLOOKUP(C7, inventari!A:Z, 2, FALSE) -> Tàblet | E7: =VLOOKUP(B7, AVARIES_AUTO!A:F, 6, FALSE) -> Kickstand trencat (tàblets) | F7: EXTERN_MARCA_FABRICANT | G7: =IFERROR(__xludf.DUMMYFUNCTION("( IF(C7<>"""", IFERROR( IF(REGEXMATCH(F7, ""INTERN""), ""INTERN"", IF(F7=""EXTERN_MARCA_FABRICANT"", ""GARANTIA"", IF(F7=""EXTERN_SERVEI_TECNIC"", ""PAGAMENT"", """" ) ) ), )))"),"GARANTIA") -> GARANTIA | H7: 45712.599 | I7: =IF(G7="GARANTIA", H7+10, IF(G7="intern", H7+3, IF(G7="PAGAMENT",H7+7,""))) -> 45722.599 | J7: FINALITZADA | K7: 0 | L7: =IF(F7="", "No assignat", IF(OR(F7="INTERN_EMP005", F7="INTERN_EMP015", F7="INTERN_EMP030", F7="INTERN_EMP032"), "INTERN", IF(F7="EXTERN_SERVEI_TECNIC", "TALLER_LOCAL", IF(F7="EXTERN_MARCA_FABRICANT", "SERVEI_OFICIAL_MARCA", "Proveidor_extern" ) ) ) ) -> SERVEI_OFICIAL_MARCA
A8: =IF(B8<>"", ROW()-1, "") -> 7 | B8: 7 | C8: MOB001 | D8: =VLOOKUP(C8, inventari!A:Z, 2, FALSE) -> Mòbil | E8: =VLOOKUP(B8, AVARIES_AUTO!A:F, 6, FALSE) -> Bateria no carrega | F8: EXTERN_MARCA_FABRICANT | G8: =IFERROR(__xludf.DUMMYFUNCTION("( IF(C8<>"""", IFERROR( IF(REGEXMATCH(F8, ""INTERN""), ""INTERN"", IF(F8=""EXTERN_MARCA_FABRICANT"", ""GARANTIA"", IF(F8=""EXTERN_SERVEI_TECNIC"", ""PAGAMENT"", """" ) ) ), )))"),"GARANTIA") -> GARANTIA | H8: 45712.632 | I8: =IF(G8="GARANTIA", H8+10, IF(G8="intern", H8+3, IF(G8="PAGAMENT",H8+7,""))) -> 45722.632 | J8: FINALITZADA | K8: 0 | L8: =IF(F8="", "No assignat", IF(OR(F8="INTERN_EMP005", F8="INTERN_EMP015", F8="INTERN_EMP030", F8="INTERN_EMP032"), "INTERN", IF(F8="EXTERN_SERVEI_TECNIC", "TALLER_LOCAL", IF(F8="EXTERN_MARCA_FABRICANT", "SERVEI_OFICIAL_MARCA", "Proveidor_extern" ) ) ) ) -> SERVEI_OFICIAL_MARCA
A9: =IF(B9<>"", ROW()-1, "") -> 8 | B9: 8 | C9: CAM004 | D9: =VLOOKUP(C9, inventari!A:Z, 2, FALSE) -> Càmera | E9: =VLOOKUP(B9, AVARIES_AUTO!A:F, 6, FALSE) -> Càmera no enfoca | F9: EXTERN_SERVEI_TECNIC | G9: =IFERROR(__xludf.DUMMYFUNCTION("( IF(C9<>"""", IFERROR( IF(REGEXMATCH(F9, ""INTERN""), ""INTERN"", IF(F9=""EXTERN_MARCA_FABRICANT"", ""GARANTIA"", IF(F9=""EXTERN_SERVEI_TECNIC"", ""PAGAMENT"", """" ) ) ), )))"),"PAGAMENT") -> PAGAMENT | H9: 45712.698 | I9: =IF(G9="GARANTIA", H9+10, IF(G9="intern", H9+3, IF(G9="PAGAMENT",H9+7,""))) -> 45719.698 | J9: FINALITZADA | K9: 180 | L9: =IF(F9="", "No assignat", IF(OR(F9="INTERN_EMP005", F9="INTERN_EMP015", F9="INTERN_EMP030", F9="INTERN_EMP032"), "INTERN", IF(F9="EXTERN_SERVEI_TECNIC", "TALLER_LOCAL", IF(F9="EXTERN_MARCA_FABRICANT", "SERVEI_OFICIAL_MARCA", "Proveidor_extern" ) ) ) ) -> TALLER_LOCAL
A10: =IF(B10<>"", ROW()-1, "") -> 9 | B10: 9 | C10: PROJ003 | D10: =VLOOKUP(C10, inventari!A:Z, 2, FALSE) -> Projector | E10: =VLOOKUP(B10, AVARIES_AUTO!A:F, 6, FALSE) -> Projector sense imatge | F10: EXTERN_SERVEI_TECNIC | G10: =IFERROR(__xludf.DUMMYFUNCTION("( IF(C10<>"""", IFERROR( IF(REGEXMATCH(F10, ""INTERN""), ""INTERN"", IF(F10=""EXTERN_MARCA_FABRICANT"", ""GARANTIA"", IF(F10=""EXTERN_SERVEI_TECNIC"", ""PAGAMENT"", """" ) ) ), )))"),"PAGAMENT") -> PAGAMENT | H10: 45712.729 | I10: =IF(G10="GARANTIA", H10+10, IF(G10="intern", H10+3, IF(G10="PAGAMENT",H10+7,""))) -> 45719.729 | J10: FINALITZADA | K10: 200 | L10: =IF(F10="", "No assignat", IF(OR(F10="INTERN_EMP005", F10="INTERN_EMP015", F10="INTERN_EMP030", F10="INTERN_EMP032"), "INTERN", IF(F10="EXTERN_SERVEI_TECNIC", "TALLER_LOCAL", IF(F10="EXTERN_MARCA_FABRICANT", "SERVEI_OFICIAL_MARCA", "Proveidor_extern" ) ) ) ) -> TALLER_LOCAL
A11: =IF(B11<>"", ROW()-1, "") -> 10 | B11: 10 | C11: XXX999 | D11: =VLOOKUP(C11, inventari!A:Z, 2, FALSE) -> #N/A | E11: =VLOOKUP(B11, AVARIES_AUTO!A:F, 6, FALSE) -> Software corromput | G11: =IFERROR(__xludf.DUMMYFUNCTION("( IF(C11<>"""", IFERROR( IF(REGEXMATCH(F11, ""INTERN""), ""INTERN"", IF(F11=""EXTERN_MARCA_FABRICANT"", ""GARANTIA"", IF(F11=""EXTERN_SERVEI_TECNIC"", ""PAGAMENT"", """" ) ) ), )))"),"") | H11: 45713.386 | I11: =IF(G11="GARANTIA", H11+10, IF(G11="intern", H11+3, IF(G11="PAGAMENT",H11+7,""))) | J11: FINALITZADA | K11: COST_NO_TROBAT | L11: =IF(F11="", "No assignat", IF(OR(F11="INTERN_EMP005", F11="INTERN_EMP015", F11="INTERN_EMP030", F11="INTERN_EMP032"), "INTERN", IF(F11="EXTERN_SERVEI_TECNIC", "TALLER_LOCAL", IF(F11="EXTERN_MARCA_FABRICANT", "SERVEI_OFICIAL_MARCA", "Proveidor_extern" ) ) ) ) -> No assignat
A12: =IF(B12<>"", ROW()-1, "") -> 11 | B12: 11 | C12: POR003 | D12: =VLOOKUP(C12, inventari!A:Z, 2, FALSE) -> Portàtil | E12: =VLOOKUP(B12, AVARIES_AUTO!A:F, 6, FALSE) -> Lentitud extrema | F12: EXTERN_SERVEI_TECNIC | G12: =IFERROR(__xludf.DUMMYFUNCTION("( IF(C12<>"""", IFERROR( IF(REGEXMATCH(F12, ""INTERN""), ""INTERN"", IF(F12=""EXTERN_MARCA_FABRICANT"", ""GARANTIA"", IF(F12=""EXTERN_SERVEI_TECNIC"", ""PAGAMENT"", """" ) ) ), )))"),"PAGAMENT") -> PAGAMENT | H12: 45713.437 | I12: =IF(G12="GARANTIA", H12+10, IF(G12="intern", H12+3, IF(G12="PAGAMENT",H12+7,""))) -> 45720.437 | J12: FINALITZADA | K12: 150 | L12: =IF(F12="", "No assignat", IF(OR(F12="INTERN_EMP005", F12="INTERN_EMP015", F12="INTERN_EMP030", F12="INTERN_EMP032"), "INTERN", IF(F12="EXTERN_SERVEI_TECNIC", "TALLER_LOCAL", IF(F12="EXTERN_MARCA_FABRICANT", "SERVEI_OFICIAL_MARCA", "Proveidor_extern" ) ) ) ) -> TALLER_LOCAL
A13: =IF(B13<>"", ROW()-1, "") -> 12 | B13: 12 | C13: DD003 | D13: =VLOOKUP(C13, inventari!A:Z, 2, FALSE) -> Disc extern | E13: =VLOOKUP(B13, AVARIES_AUTO!A:F, 6, FALSE) -> Altres | F13: INTERN_EMP032 (Eduard Civit de manteniment) | G13: =IFERROR(__xludf.DUMMYFUNCTION("( IF(C13<>"""", IFERROR( IF(REGEXMATCH(F13, ""INTERN""), ""INTERN"", IF(F13=""EXTERN_MARCA_FABRICANT"", ""GARANTIA"", IF(F13=""EXTERN_SERVEI_TECNIC"", ""PAGAMENT"", """" ) ) ), )))"),"INTERN") -> INTERN | H13: 45713.49 | I13: =IF(G13="GARANTIA", H13+10, IF(G13="intern", H13+3, IF(G13="PAGAMENT",H13+7,""))) -> 45716.49 | J13: FINALITZADA | K13: 60 | L13: =IF(F13="", "No assignat", IF(OR(F13="INTERN_EMP005", F13="INTERN_EMP015", F13="INTERN_EMP030", F13="INTERN_EMP032"), "INTERN", IF(F13="EXTERN_SERVEI_TECNIC", "TALLER_LOCAL", IF(F13="EXTERN_MARCA_FABRICANT", "SERVEI_OFICIAL_MARCA", "Proveidor_extern" ) ) ) ) -> Proveidor_extern
A14: =IF(B14<>"", ROW()-1, "") -> 13 | B14: 13 | C14: TEC002 | D14: =VLOOKUP(C14, inventari!A:Z, 2, FALSE) -> Teclat | E14: =VLOOKUP(B14, AVARIES_AUTO!A:F, 6, FALSE) -> Teclat no funciona | F14: INTERN_EMP005 (David Martín IT) | G14: =IFERROR(__xludf.DUMMYFUNCTION("( IF(C14<>"""", IFERROR( IF(REGEXMATCH(F14, ""INTERN""), ""INTERN"", IF(F14=""EXTERN_MARCA_FABRICANT"", ""GARANTIA"", IF(F14=""EXTERN_SERVEI_TECNIC"", ""PAGAMENT"", """" ) ) ), )))"),"INTERN") -> INTERN | H14: 45713.599 | I14: =IF(G14="GARANTIA", H14+10, IF(G14="intern", H14+3, IF(G14="PAGAMENT",H14+7,""))) -> 45716.599 | J14: FINALITZADA | K14: 25 | L14: =IF(F14="", "No assignat", IF(OR(F14="INTERN_EMP005", F14="INTERN_EMP015", F14="INTERN_EMP030", F14="INTERN_EMP032"), "INTERN", IF(F14="EXTERN_SERVEI_TECNIC", "TALLER_LOCAL", IF(F14="EXTERN_MARCA_FABRICANT", "SERVEI_OFICIAL_MARCA", "Proveidor_extern" ) ) ) ) -> Proveidor_extern

Sheet Dashboard
A2: INVENTARI GENERAL | B2: Total equips | C2: =COUNTA(inventari!A:A) - 1 -> 92 | L2: Equips en préstec | Q2: Persona | R2: Ext
B3: Disponibles | C3: =COUNTIF(inventari!G:G, "Disponible") -> 43
B4: En préstec | C4: =COUNTIF(inventari!G:G, "En_Prestec") -> 15
B5: Avariats | C5: =COUNTIF(inventari!G:G, "Avariat") -> 7
B6: En manteniment | C6: =COUNTIF(inventari!G:G, "Manteniment") -> 27
B7: Retirats | C7: =COUNTIF(inventari!G:G, "Retirats") -> 0
B8: Equip prestables | C8: =COUNTIF(inventari!F:F, "Si") -> 58
B9: Equip fixos operatius | C9: =COUNTIF(inventari!F:F, "No") -> 34
A11: PRÉSTECS | B11: Préstec actius | C11: =COUNTIF(inventari!G:G, "En_Prestec") -> 15
B12: Sol·licituds pendents | C12: =COUNTIF(APROVACIONS_AUTO!H:H, "SENSE_EQUIPS") -> 16
B13: Aprovacions automàtiques | C13: =COUNTIF(APROVACIONS_AUTO!H:H, "APROVAT_AUTO") -> 14
B14: Préstecs endarrerits
B15: Dies mitjans préstecs
B16: Percentatge disponibilitat
A18: AVARIES | B18: Averies notificades | C18: =COUNTA(AVARIES_AUTO!A2:A1000) -> 13
B19: Averies pendent revisar | C19: =COUNTIF(AVARIES_AUTO!K:K, "PENDENT_REVISAR") -> 8
B20: Averies en garantia | C20: =COUNTIF(AVARIES_AUTO!K:K, "PENDENT_GARANTIA") -> 4
B21: Averies gravetat alta | C21: =COUNTIF(AVARIES_AUTO!G:G, "5") -> 3
B22: Percentatge sota garantia | C22: =IFERROR(COUNTIF(AVARIES_AUTO!K:K,"PENDENT_GARANTIA")/(COUNTA(AVARIES_AUTO!C:C, "ID_VALID")),"") -> 0.26666667
A24: REPARACIONS | B24: Reparacions actives | C24: =COUNTIF(REPARACIONS!J:J,"EN_REPARACIO") -> 0
B25: Finalitzades aquest mes | C25: =COUNTIF(REPARACIONS!I:I, "12/2025") -> 0
B26: Cost total reparacions | C26: =SUM(REPARACIONS!K:K) -> 910
B27: Reparacions garantia | C27: =COUNTIF(REPARACIONS!G:G, "GARANTIA") -> 3
B28: Equips irreparables | C28: =COUNTIF(REPARACIONS!J:J, "IRREPARABLE") -> 0
A30: FINALITZAR PREPARACIONS | B30: Reparacions finalitzades | C30: =COUNTIF(REPARACIONS!J:J, "FINALITZADA") -> 13
B31: Equips per reactivar
B32: Equips per retirar
B33: Costos per facturar
B34: Actualitzacions pendents
A37: Tipus | B37: Disponibles | C37: En_Prestec
A38: Portátil

Sheet AVARIES
A1: Marca de temps | B1: Adreça electrònica | C1: Codi de l'equip avariat | D1: Usuari que reporta | E1: Tipus de problema | F1: Descripció detallada del problema | G1: Quan vas detectar el problema? | H1: L'equip estava en préstec? | I1: Gravetat del problema | J1: És urgent la reparació?
A2: 45712.354 | B2: maria.santos@electrotech.cat | C2: POR007 | D2: EMP001 - Maria Santos (Comercial) | E2: Pantalla trencada | F2: La pantalla del portàtil s'ha trencat completament després d'una caiguda. No es veu res | G2: Ara mateix | H2: Sí jo el tinia en préstec | I2: 5 | J2: Molt urgent (atura treball)
A3: 45712.407 | B3: ramon.serra@electrotech.cat | C3: IMP002 | D3: EMP019 - Ramon Serra (Manteniment) | E3: Paper encallat (impressores) | F3: La impressora de comercial té paper encallat constant. Ja he provat treure'l però torna a passar | G3: Aquesta setmana | H3: No estava a l'oficina | I3: 3 | J3: Normal (es pot esperar)
A4: 45712.427 | B4: josep.ribas@electrotech.cat | C4: RAT002 | D4: EMP002 - Josep Ribas (Administració) | E4: Touchpad/ratolí no funciona | F4: El botó dret del ratolí del meu despatx no funciona. És molt molest per treballar | G4: Fa 2-3 dies | H4: No estava a l'oficina | I4: 3 | J4: Urgent (afecta productivitat)
A5: 45712.473 | B5: carles.puig@electrotech.cat | C5: MON006 | D5: EMP003 - Carles Puig (Tècnic) | E5: Pantalla no funciona | F5: El monitor secundari d'enginyeria té píxels morts al centre. Es veu una línia negra | G5: Ahir | H5: No estava a l'oficina | I5: 2 | J5: Normal (es pot esperar)
A6: 45712.525 | B6: montse.valls@electrotech.cat | C6: ORD002 | D6: EMP021 - Montse Valls (Neteja) | E6: No s'encén | F6: L'ordinador del despatx 02 no s'encén quan premo el botó. Les llums no fan res | G6: Avui al matí | H6: No ho sé | I6: 5 | J6: Molt urgent (atura treball)
A7: 45712.599 | B7: david.martin@electrotech.cat | C7: TAB006 | D7: EMP005 - David Martín (IT) | E7: Kickstand trencat (tàblets) | F7: El suport de la Surface Pro està trencat. No es manté dreta per treballar | G7: Fa 2-3 dies | H7: No estava a l'oficina | I7: 3 | J7: Normal (es pot esperar)
A8: 45712.632 | B8: laura.vidal@electrotech.cat | C8: MOB001 | D8: EMP006 - Laura Vidal (Marketing) | E8: Bateria no carrega | F8: L'iPhone del magatzem té la bateria gonflada i no carrega. Sembla perillós | G8: Aquesta setmana | H8: No estava a l'oficina | I8: 4 | J8: Urgent (afecta productivitat)
A9: 45712.698 | B9: eva.torres@electrotech.cat | C9: CAM004 | D9: EMP016 - Eva Torres (Marketing) | E9: Càmera no enfoca | F9: La DJI Pocket no enfoca bé. L'estabilitzador fa sorolls estranys | G9: Ahir | H9: No estava a l'oficina | I9: 4 | J9: Urgent (afecta productivitat)
A10: 45712.729 | B10: carmen.lopez@electrotech.cat | C10: PROJ003 | D10: EMP023 - Carmen López (Recepció) | E10: Projector sense imatge | F10: El projector de la sala A no dona imatge. S'encén però pantalla negra | G10: Ara mateix | H10: No estava a l'oficina | I10: 4 | J10: Urgent (afecta productivitat)
A11: 45713.386 | B11: pau.miro@electrotech.cat | C11: XXX999 | D11: EMP011 - Pau Miró (Marketing) | E11: Software corromput | F11: El meu portàtil no arrenca. Codi inexistent al sistema | G11: Avui al matí | H11: Sí jo el tinia en préstec | I11: 5 | J11: Molt urgent (atura treball)
A12: 45713.437 | B12: jordi.casals@electrotech.cat | C12: POR003 | D12: EMP007 - Jordi Casals (Tècnic) | E12: Lentitud extrema | F12: El portàtil va molt lent. Triga 10 minuts a arrencar | G12: Aquesta setmana | H12: No estava a l'oficina | I12: 3 | J12: Normal (es pot esperar)
A13: 45713.49 | B13: clara.bosch@electrotech.cat | C13: DD003 | D13: EMP012 - Clara Bosch (Comercial) | E13: Altres | F13: El disc extern fa sorolls estranys quan es connecta | G13: Fa 2-3 dies | H13: No ho sé | I13: 3 | J13: Normal (es pot esperar)
A14: 45713.599 | B14: albert.roca@electrotech.cat | C14: TEC002 | D14: EMP013 - Albert Roca (Tècnic) | E14: Teclat no funciona | F14: La tecla Enter del teclat va intermitent. A vegades funciona i a vegades no | G14: Ahir | H14: No estava a l'oficina | I14: 2 | J14: Baixa prioritat

Sheet AVARIES_AUTO
A1: ID_Avaria | B1: Codi_equip | C1: Validacio_equip | D1: Estat_actual_equip | E1: Usuari_reporta | F1: Tipus_problema | G1: Gravetat | H1: Urgencia | I1: Data_notificacio | J1: Garantia_vigent | K1: Estat_avaria
A2: =ROW() - 1 -> 1 | B2: {=AVARIES!C2:C1000} -> POR007 | C2: =IF(ISNA(VLOOKUP(B2, inventari!A:A, 1, FALSE)), "EQUIP_NO_EXISTEIX", "ID_VALID") -> ID_VALID | D2: =IF(C2="ID_VALID", VLOOKUP(B2, inventari!A:E, 5, FALSE), "N/A") -> Comercial_04 | E2: {=AVARIES!D2:D1000} -> EMP001 - Maria Santos (Comercial) | F2: {=AVARIES!E2:E1000} -> Pantalla trencada | G2: {=AVARIES!I2:I1000} -> 5 | H2: {=AVARIES!J2:J1000} -> Molt urgent (atura treball) | I2: {=AVARIES!A2:A1000} -> 45712.354 | J2: {=IF(ISBLANK(B2:B1000),"",IF(C2:C1000="ID_VALID",IFERROR(TRIM(VLOOKUP(TRIM(B2:B1000),inventari!A:N,14,FALSE)),"ERROR_CERCAT"),"NO_APLICA"))} -> VIGENT | K2: =IF(C2="EQUIP_NO_EXISTEIX", "ERROR_EQUIP", IF(J2="VIGENT", "PENDENT_GARANTIA", "PENDENT_REVISAR")) -> PENDENT_GARANTIA
A3: =ROW() - 1 -> 2 | B3: IMP002 | C3: =IF(ISNA(VLOOKUP(B3, inventari!A:A, 1, FALSE)), "EQUIP_NO_EXISTEIX", "ID_VALID") -> ID_VALID | D3: =IF(C3="ID_VALID", VLOOKUP(B3, inventari!A:E, 5, FALSE), "N/A") -> ENGINYERIA_02 | E3: EMP019 - Ramon Serra (Manteniment) | F3: Paper encallat (impressores) | G3: 3 | H3: Normal (es pot esperar) | I3: 45712.407 | J3: CADUCADA | K3: =IF(C3="EQUIP_NO_EXISTEIX", "ERROR_EQUIP", IF(J3="VIGENT", "PENDENT_GARANTIA", "PENDENT_REVISAR")) -> PENDENT_REVISAR
A4: =ROW() - 1 -> 3 | B4: RAT002 | C4: =IF(ISNA(VLOOKUP(B4, inventari!A:A, 1, FALSE)), "EQUIP_NO_EXISTEIX", "ID_VALID") -> ID_VALID | D4: =IF(C4="ID_VALID", VLOOKUP(B4, inventari!A:E, 5, FALSE), "N/A") -> DESPATX_02 | E4: EMP002 - Josep Ribas (Administració) | F4: Touchpad/ratolí no funciona | G4: 3 | H4: Urgent (afecta productivitat) | I4: 45712.427 | J4: CADUCADA | K4: =IF(C4="EQUIP_NO_EXISTEIX", "ERROR_EQUIP", IF(J4="VIGENT", "PENDENT_GARANTIA", "PENDENT_REVISAR")) -> PENDENT_REVISAR
A5: =ROW() - 1 -> 4 | B5: MON006 | C5: =IF(ISNA(VLOOKUP(B5, inventari!A:A, 1, FALSE)), "EQUIP_NO_EXISTEIX", "ID_VALID") -> ID_VALID | D5: =IF(C5="ID_VALID", VLOOKUP(B5, inventari!A:E, 5, FALSE), "N/A") -> ENGINYERIA_02 | E5: EMP003 - Carles Puig (Tècnic) | F5: Pantalla no funciona | G5: 2 | H5: Normal (es pot esperar) | I5: 45712.473 | J5: CADUCADA | K5: =IF(C5="EQUIP_NO_EXISTEIX", "ERROR_EQUIP", IF(J5="VIGENT", "PENDENT_GARANTIA", "PENDENT_REVISAR")) -> PENDENT_REVISAR
A6: =ROW() - 1 -> 5 | B6: ORD002 | C6: =IF(ISNA(VLOOKUP(B6, inventari!A:A, 1, FALSE)), "EQUIP_NO_EXISTEIX", "ID_VALID") -> ID_VALID | D6: =IF(C6="ID_VALID", VLOOKUP(B6, inventari!A:E, 5, FALSE), "N/A") -> DESPATX_02 | E6: EMP021 - Montse Valls (Neteja) | F6: No s'encén | G6: 5 | H6: Molt urgent (atura treball) | I6: 45712.525 | J6: CADUCADA | K6: =IF(C6="EQUIP_NO_EXISTEIX", "ERROR_EQUIP", IF(J6="VIGENT", "PENDENT_GARANTIA", "PENDENT_REVISAR")) -> PENDENT_REVISAR
A7: =ROW() - 1 -> 6 | B7: TAB006 | C7: =IF(ISNA(VLOOKUP(B7, inventari!A:A, 1, FALSE)), "EQUIP_NO_EXISTEIX", "ID_VALID") -> ID_VALID | D7: =IF(C7="ID_VALID", VLOOKUP(B7, inventari!A:E, 5, FALSE), "N/A") -> MAGATZEM | E7: EMP005 - David Martín (IT) | F7: Kickstand trencat (tàblets) | G7: 3 | H7: Normal (es pot esperar) | I7: 45712.599 | J7: VIGENT | K7: =IF(C7="EQUIP_NO_EXISTEIX", "ERROR_EQUIP", IF(J7="VIGENT", "PENDENT_GARANTIA", "PENDENT_REVISAR")) -> PENDENT_GARANTIA
A8: =ROW() - 1 -> 7 | B8: MOB001 | C8: =IF(ISNA(VLOOKUP(B8, inventari!A:A, 1, FALSE)), "EQUIP_NO_EXISTEIX", "ID_VALID") -> ID_VALID | D8: =IF(C8="ID_VALID", VLOOKUP(B8, inventari!A:E, 5, FALSE), "N/A") -> MAGATZEM | E8: EMP006 - Laura Vidal (Marketing) | F8: Bateria no carrega | G8: 4 | H8: Urgent (afecta productivitat) | I8: 45712.632 | J8: VIGENT | K8: =IF(C8="EQUIP_NO_EXISTEIX", "ERROR_EQUIP", IF(J8="VIGENT", "PENDENT_GARANTIA", "PENDENT_REVISAR")) -> PENDENT_GARANTIA
A9: =ROW() - 1 -> 8 | B9: CAM004 | C9: =IF(ISNA(VLOOKUP(B9, inventari!A:A, 1, FALSE)), "EQUIP_NO_EXISTEIX", "ID_VALID") -> ID_VALID | D9: =IF(C9="ID_VALID", VLOOKUP(B9, inventari!A:E, 5, FALSE), "N/A") -> MAGATZEM | E9: EMP016 - Eva Torres (Marketing) | F9: Càmera no enfoca | G9: 4 | H9: Urgent (afecta productivitat) | I9: 45712.698 | J9: CADUCADA | K9: =IF(C9="EQUIP_NO_EXISTEIX", "ERROR_EQUIP", IF(J9="VIGENT", "PENDENT_GARANTIA", "PENDENT_REVISAR")) -> PENDENT_REVISAR
A10: =ROW() - 1 -> 9 | B10: PROJ003 | C10: =IF(ISNA(VLOOKUP(B10, inventari!A:A, 1, FALSE)), "EQUIP_NO_EXISTEIX", "ID_VALID") -> ID_VALID | D10: =IF(C10="ID_VALID", VLOOKUP(B10, inventari!A:E, 5, FALSE), "N/A") -> MAGATZEM | E10: EMP023 - Carmen López (Recepció) | F10: Projector sense imatge | G10: 4 | H10: Urgent (afecta productivitat) | I10: 45712.729 | J10: CADUCADA | K10: =IF(C10="EQUIP_NO_EXISTEIX", "ERROR_EQUIP", IF(J10="VIGENT", "PENDENT_GARANTIA", "PENDENT_REVISAR")) -> PENDENT_REVISAR
A11: =ROW() - 1 -> 10 | B11: XXX999 | C11: =IF(ISNA(VLOOKUP(B11, inventari!A:A, 1, FALSE)), "EQUIP_NO_EXISTEIX", "ID_VALID") -> EQUIP_NO_EXISTEIX | D11: =IF(C11="ID_VALID", VLOOKUP(B11, inventari!A:E, 5, FALSE), "N/A") -> N/A | E11: EMP011 - Pau Miró (Marketing) | F11: Software corromput | G11: 5 | H11: Molt urgent (atura treball) | I11: 45713.386 | J11: NO_APLICA | K11: =IF(C11="EQUIP_NO_EXISTEIX", "ERROR_EQUIP", IF(J11="VIGENT", "PENDENT_GARANTIA", "PENDENT_REVISAR")) -> ERROR_EQUIP
A12: =ROW() - 1 -> 11 | B12: POR003 | C12: =IF(ISNA(VLOOKUP(B12, inventari!A:A, 1, FALSE)), "EQUIP_NO_EXISTEIX", "ID_VALID") -> ID_VALID | D12: =IF(C12="ID_VALID", VLOOKUP(B12, inventari!A:E, 5, FALSE), "N/A") -> MAGATZEM | E12: EMP007 - Jordi Casals (Tècnic) | F12: Lentitud extrema | G12: 3 | H12: Normal (es pot esperar) | I12: 45713.437 | J12: VIGENT | K12: =IF(C12="EQUIP_NO_EXISTEIX", "ERROR_EQUIP", IF(J12="VIGENT", "PENDENT_GARANTIA", "PENDENT_REVISAR")) -> PENDENT_GARANTIA
A13: =ROW() - 1 -> 12 | B13: DD003 | C13: =IF(ISNA(VLOOKUP(B13, inventari!A:A, 1, FALSE)), "EQUIP_NO_EXISTEIX", "ID_VALID") -> ID_VALID | D13: =IF(C13="ID_VALID", VLOOKUP(B13, inventari!A:E, 5, FALSE), "N/A") -> MAGATZEM | E13: EMP012 - Clara Bosch (Comercial) | F13: Altres | G13: 3 | H13: Normal (es pot esperar) | I13: 45713.49 | J13: CADUCADA | K13: =IF(C13="EQUIP_NO_EXISTEIX", "ERROR_EQUIP", IF(J13="VIGENT", "PENDENT_GARANTIA", "PENDENT_REVISAR")) -> PENDENT_REVISAR
A14: =ROW() - 1 -> 13 | B14: TEC002 | C14: =IF(ISNA(VLOOKUP(B14, inventari!A:A, 1, FALSE)), "EQUIP_NO_EXISTEIX", "ID_VALID") -> ID_VALID | D14: =IF(C14="ID_VALID", VLOOKUP(B14, inventari!A:E, 5, FALSE), "N/A") -> DESPATX_02 | E14: EMP013 - Albert Roca (Tècnic) | F14: Teclat no funciona | G14: 2 | H14: Baixa prioritat | I14: 45713.599 | J14: CADUCADA | K14: =IF(C14="EQUIP_NO_EXISTEIX", "ERROR_EQUIP", IF(J14="VIGENT", "PENDENT_GARANTIA", "PENDENT_REVISAR")) -> PENDENT_REVISAR

Sheet Costos_Reparacio
A1: Tipus_Equip | B1: Cost
A2: Ordinador | B2: 120
A3: Monitor | B3: 85
A4: Teclat | B4: 25
A5: Ratolí | B5: 15
A6: Portàtil | B6: 150
A7: Tàblet | B7: 110
A8: Mòbil | B8: 95
A9: Disc extern | B9: 60
A10: Càmera | B10: 180
A11: Projector | B11: 200
A12: Impressora | B12: 75
A13: Accessories | B13: 35

Sheet inventari
A1: ID_Equip | B1: Tipus | C1: Marca | D1: Model | E1: Ubicació | F1: Prestable | G1: Estat | H1: Usuari_Actual | I1: Data_Prestec | J1: Data_Retorn_Prevista | K1: Dies_Endarreriment | L1: Data_Adquisicio | M1: Durada_Garantia_Mesos | N1: Garantia_vigent | O1: Numero_Avaries | P1: Observacions
A2: POR002 | B2: Portàtil | C2: HP | D2: ProBook 450 | E2: MAGATZEM | F2: SI | G2: En_Prestec | H2: EMP001 | I2: 45366 | J2: 45397 | K2: =IF(J2 < TODAY(), DATEDIF(J2, TODAY(), "D"), 0) -> 598 | L2: 44905 | M2: 12 | N2: =IF(EDATE(L2, M2) > TODAY(), "VIGENT", "CADUCADA") -> CADUCADA | O2: =0 -> 0
A3: TAB002 | B3: Tàblet | C3: Samsung | D3: Galaxy Tab S8 | E3: MAGATZEM | F3: SI | G3: En_Prestec | H3: EMP003 | I3: 45371 | J3: 45378 | K3: =IF(J3 < TODAY(), DATEDIF(J3, TODAY(), "D"), 0) -> 617 | L3: 44910 | M3: 24 | N3: =IF(EDATE(L3, M3) > TODAY(), "VIGENT", "CADUCADA") -> CADUCADA | O3: =0 -> 0
A4: CAM002 | B4: Càmera | C4: Sony | D4: Alpha 6000 | E4: MAGATZEM | F4: SI | G4: En_Prestec | H4: EMP005 | I4: 45374 | J4: 45381 | K4: =IF(J4 < TODAY(), DATEDIF(J4, TODAY(), "D"), 0) -> 614 | L4: 44971 | M4: 24 | N4: =IF(EDATE(L4, M4) > TODAY(), "VIGENT", "CADUCADA") -> CADUCADA | O4: =0 -> 0
A5: MOB003 | B5: Mòbil | C5: iPhone | D5: 14 | E5: MAGATZEM | F5: SI | G5: En_Prestec | H5: EMP006 | I5: 45367 | J5: 45398 | K5: =IF(J5 < TODAY(), DATEDIF(J5, TODAY(), "D"), 0) -> 597 | L5: 45255 | M5: 24 | N5: =IF(EDATE(L5, M5) > TODAY(), "VIGENT", "CADUCADA") -> CADUCADA | O5: =0 -> 0
A6: POR004 | B6: Portàtil | C6: Lenovo | D6: ThinkPad T14 | E6: MAGATZEM | F6: SI | G6: En_Prestec | H6: EMP007 | I6: 45369 | J6: 45383 | K6: =IF(J6 < TODAY(), DATEDIF(J6, TODAY(), "D"), 0) -> 612 | L6: 44985 | M6: 12 | N6: =IF(EDATE(L6, M6) > TODAY(), "VIGENT", "CADUCADA") -> CADUCADA | O6: =0 -> 0
A7: TAB004 | B7: Tàblet | C7: Samsung | D7: Galaxy Tab A8 | E7: MAGATZEM | F7: SI | G7: En_Prestec | H7: EMP008 | I7: 45370 | J7: 45377 | K7: =IF(J7 < TODAY(), DATEDIF(J7, TODAY(), "D"), 0) -> 618 | L7: 44826 | M7: 24 | N7: =IF(EDATE(L7, M7) > TODAY(), "VIGENT", "CADUCADA") -> CADUCADA | O7: =0 -> 0
A8: DD002 | B8: Disc extern | C8: WD | D8: My Passport 4TB | E8: MAGATZEM | F8: SI | G8: En_Prestec | H8: EMP009 | I8: 45372 | J8: 45379 | K8: =IF(J8 < TODAY(), DATEDIF(J8, TODAY(), "D"), 0) -> 616 | L8: 44893 | M8: 24 | N8: =IF(EDATE(L8, M8) > TODAY(), "VIGENT", "CADUCADA") -> CADUCADA | O8: =0 -> 0
A9: ACC002 | B9: Accesoris | C9: Apple | D9: Magic Keyboard | E9: MAGATZEM | F9: SI | G9: En_Prestec | H9: EMP010 | I9: 45368 | J9: 45399 | K9: =IF(J9 < TODAY(), DATEDIF(J9, TODAY(), "D"), 0) -> 596 | L9: 45066 | M9: 24 | N9: =IF(EDATE(L9, M9) > TODAY(), "VIGENT", "CADUCADA") -> CADUCADA | O9: =0 -> 0
A10: TAB008 | B10: Tàblet | C10: Samsung | D10: Galaxy Tab S9 | E10: MAGATZEM | F10: SI | G10: En_Prestec | H10: EMP011 | I10: 45361 | J10: 45375 | K10: =IF(J10 < TODAY(), DATEDIF(J10, TODAY(), "D"), 0) -> 620 | L10: 45211 | M10: 24 | N10: =IF(EDATE(L10, M10) > TODAY(), "VIGENT", "CADUCADA") -> CADUCADA | O10: =0 -> 0
A11: POR006 | B11: Portàtil | C11: Dell | D11: XPS 13 | E11: MAGATZEM | F11: SI | G11: En_Prestec | H11: EMP012 | I11: 45350 | J11: 45366 | K11: =IF(J11 < TODAY(), DATEDIF(J11, TODAY(), "D"), 0) -> 629 | L11: 44839 | M11: 12 | N11: =IF(EDATE(L11, M11) > TODAY(), "VIGENT", "CADUCADA") -> CADUCADA | O11: =0 -> 0
A12: DD005 | B12: Disc extern | C12: WD | D12: Elements 2TB | E12: MAGATZEM | F12: SI | G12: En_Prestec | H12: EMP013 | I12: 45365 | J12: 45372 | K12: =IF(J12 < TODAY(), DATEDIF(J12, TODAY(), "D"), 0) -> 623 | L12: 44849 | M12: 24 | N12: =IF(EDATE(L12, M12) > TODAY(), "VIGENT", "CADUCADA") -> CADUCADA | O12: =0 -> 0
A13: POR010 | B13: Portàtil | C13: Lenovo | D13: ThinkPad X1 | E13: MAGATZEM | F13: SI | G13: En_Prestec | H13: EMP015 | I13: 45373 | J13: 45387 | K13: =IF(J13 < TODAY(), DATEDIF(J13, TODAY(), "D"), 0) -> 608 | L13: 45121 | M13: 12 | N13: =IF(EDATE(L13, M13) > TODAY(), "VIGENT", "CADUCADA") -> CADUCADA | O13: =0 -> 0
A14: ORD002 | B14: Ordinador | C14: HP | D14: EliteDesk 800 | E14: DESPATX_02 | F14: NO | G14: Manteniment | I14: =IF(SOL_LICITUDS_PRESTEC!G14>=TODAY(),SOL_LICITUDS_PRESTEC!G14,"Error") -> Error | J14: =IF(SOL_LICITUDS_PRESTEC!H2>G14,SOL_LICITUDS_PRESTEC!H14,"Error") -> Error | K14: =IF(J14 < TODAY(), DATEDIF(J14, TODAY(), "D"), 0) -> 0 | L14: 44885 | M14: 12 | N14: =IF(EDATE(L14, M14) > TODAY(), "VIGENT", "CADUCADA") -> CADUCADA | O14: =0 -> 0
A15: MON002 | B15: Monitor | C15: HP | D15: E24 G5 | E15: DESPATX_02 | F15: NO | G15: Manteniment | I15: =IF(SOL_LICITUDS_PRESTEC!G15>=TODAY(),SOL_LICITUDS_PRESTEC!G15,"Error") -> Error | J15: =IF(SOL_LICITUDS_PRESTEC!H3>G15,SOL_LICITUDS_PRESTEC!H15,"Error") -> Error | K15: =IF(J15 < TODAY(), DATEDIF(J15, TODAY(), "D"), 0) -> 0 | L15: 44885 | M15: 24 | N15: =IF(EDATE(L15, M15) > TODAY(), "VIGENT", "CADUCADA") -> CADUCADA | O15: =0 -> 0
A16: TEC002 | B16: Teclat | C16: HP | D16: USB Keyboard | E16: DESPATX_02 | F16: NO | G16: Manteniment | I16: =IF(SOL_LICITUDS_PRESTEC!G16>=TODAY(),SOL_LICITUDS_PRESTEC!G16,"Error") -> Error | J16: =IF(SOL_LICITUDS_PRESTEC!H4>G16,SOL_LICITUDS_PRESTEC!H16,"Error") -> Error | K16: =IF(J16 < TODAY(), DATEDIF(J16, TODAY(), "D"), 0) -> 0 | L16: 44885 | M16: 12 | N16: =IF(EDATE(L16, M16) > TODAY(), "VIGENT", "CADUCADA") -> CADUCADA | O16: =0 -> 0
A17: RAT002 | B17: Ratolí | C17: HP | D17: USB Mouse | E17: DESPATX_02 | F17: NO | G17: Avariat | I17: =IF(SOL_LICITUDS_PRESTEC!G17>=TODAY(),SOL_LICITUDS_PRESTEC!G17,"Error") -> Error | J17: =IF(SOL_LICITUDS_PRESTEC!H5>G17,SOL_LICITUDS_PRESTEC!H17,"Error") -> Error | K17: =IF(J17 < TODAY(), DATEDIF(J17, TODAY(), "D"), 0) -> 0 | L17: 44885 | M17: 12 | N17: =IF(EDATE(L17, M17) > TODAY(), "VIGENT", "CADUCADA") -> CADUCADA | O17: =0 -> 0 | P17: No funciona b.d.
A18: ORD005 | B18: Ordinador | C18: Dell | D18: OptiPlex 7090 | E18: COMERCIAL_01 | F18: NO | G18: Manteniment | I18: =IF(SOL_LICITUDS_PRESTEC!G18>=TODAY(),SOL_LICITUDS_PRESTEC!G18,"Error") -> Error | J18: =IF(SOL_LICITUDS_PRESTEC!H6>G18,SOL_LICITUDS_PRESTEC!H18,"Error") -> Error | K18: =IF(J18 < TODAY(), DATEDIF(J18, TODAY(), "D"), 0) -> 0 | L18: 44809 | M18: 12 | N18: =IF(EDATE(L18, M18) > TODAY(), "VIGENT", "CADUCADA") -> CADUCADA | O18: =0 -> 0
A19: MON007 | B19: Monitor | C19: Dell | D19: P2422H 24" | E19: COMERCIAL_01 | F19: NO | G19: Manteniment | I19: =IF(SOL_LICITUDS_PRESTEC!G19>=TODAY(),SOL_LICITUDS_PRESTEC!G19,"Error") -> Error | J19: =IF(SOL_LICITUDS_PRESTEC!H7>G19,SOL_LICITUDS_PRESTEC!H19,"Error") -> Error | K19: =IF(J19 < TODAY(), DATEDIF(J19, TODAY(), "D"), 0) -> 0 | L19: 44809 | M19: 24 | N19: =IF(EDATE(L19, M19) > TODAY(), "VIGENT", "CADUCADA") -> CADUCADA | O19: =0 -> 0
A20: TEC005 | B20: Teclat | C20: Dell | D20: KB216 | E20: COMERCIAL_01 | F20: NO | G20: Manteniment | I20: =IF(SOL_LICITUDS_PRESTEC!G20>=TODAY(),SOL_LICITUDS_PRESTEC!G20,"Error") -> Error | J20: =IF(SOL_LICITUDS_PRESTEC!H8>G20,SOL_LICITUDS_PRESTEC!H20,"Error") -> Error | K20: =IF(J20 < TODAY(), DATEDIF(J20, TODAY(), "D"), 0) -> 0 | L20: 44809 | M20: 12 | N20: =IF(EDATE(L20, M20) > TODAY(), "VIGENT", "CADUCADA") -> CADUCADA | O20: =0 -> 0
A21: RAT005 | B21: Ratolí | C21: Dell | D21: MS116 | E21: COMERCIAL_01 | F21: NO | G21: Manteniment | I21: =IF(SOL_LICITUDS_PRESTEC!G21>=TODAY(),SOL_LICITUDS_PRESTEC!G21,"Error") -> Error | J21: =IF(SOL_LICITUDS_PRESTEC!H9>G21,SOL_LICITUDS_PRESTEC!H21,"Error") -> Error | K21: =IF(J21 < TODAY(), DATEDIF(J21, TODAY(), "D"), 0) -> 0 | L21: 44809 | M21: 12 | N21: =IF(EDATE(L21, M21) > TODAY(), "VIGENT", "CADUCADA") -> CADUCADA | O21: =0 -> 0
A22: ORD006 | B22: Ordinador | C22: HP | D22: EliteDesk 800 | E22: COMERCIAL_02 | F22: NO | G22: Manteniment | I22: =IF(SOL_LICITUDS_PRESTEC!G22>=TODAY(),SOL_LICITUDS_PRESTEC!G22,"Error") -> Error | J22: =IF(SOL_LICITUDS_PRESTEC!H10>G22,SOL_LICITUDS_PRESTEC!H22,"Error") -> Error | K22: =IF(J22 < TODAY(), DATEDIF(J22, TODAY(), "D"), 0) -> 0 | L22: 44852 | M22: 12 | N22: =IF(EDATE(L22, M22) > TODAY(), "VIGENT", "CADUCADA") -> CADUCADA | O22: =0 -> 0
A23: MON008 | B23: Monitor | C23: HP | D23: E24 G5 | E23: COMERCIAL_02 | F23: NO | G23: Manteniment | I23: =IF(SOL_LICITUDS_PRESTEC!G23>=TODAY(),SOL_LICITUDS_PRESTEC!G23,"Error") -> Error | J23: =IF(SOL_LICITUDS_PRESTEC!H11>G23,SOL_LICITUDS_PRESTEC!H23,"Error") -> Error | K23: =IF(J23 < TODAY(), DATEDIF(J23, TODAY(), "D"), 0) -> 0 | L23: 44852 | M23: 24 | N23: =IF(EDATE(L23, M23) > TODAY(), "VIGENT", "CADUCADA") -> CADUCADA | O23: =0 -> 0
A24: TEC006 | B24: Teclat | C24: HP | D24: USB Keyboard | E24: COMERCIAL_02 | F24: NO | G24: Manteniment | I24: =IF(SOL_LICITUDS_PRESTEC!G24>=TODAY(),SOL_LICITUDS_PRESTEC!G24,"Error") -> Error | J24: =IF(SOL_LICITUDS_PRESTEC!H12>G24,SOL_LICITUDS_PRESTEC!H24,"Error") -> Error | K24: =IF(J24 < TODAY(), DATEDIF(J24, TODAY(), "D"), 0) -> 0 | L24: 44852 | M24: 12 | N24: =IF(EDATE(L24, M24) > TODAY(), "VIGENT", "CADUCADA") -> CADUCADA | O24: =0 -> 0
A25: RAT006 | B25: Ratolí | C25: HP | D25: USB Mouse | E25: COMERCIAL_02 | F25: NO | G25: Manteniment | I25: =IF(SOL_LICITUDS_PRESTEC!G25>=TODAY(),SOL_LICITUDS_PRESTEC!G25,"Error") -> Error | J25: =IF(SOL_LICITUDS_PRESTEC!H13>G25,SOL_LICITUDS_PRESTEC!H25,"Error") -> Error | K25: =IF(J25 < TODAY(), DATEDIF(J25, TODAY(), "D"), 0) -> 0 | L25: 44852 | M25: 12 | N25: =IF(EDATE(L25, M25) > TODAY(), "VIGENT", "CADUCADA") -> CADUCADA | O25: =0 -> 0
A26: ORD007 | B26: Ordinador | C26: Dell | D26: OptiPlex 7090 | E26: ADMINISTRACIO_01 | F26: NO | G26: Manteniment | I26: =IF(SOL_LICITUDS_PRESTEC!G26>=TODAY(),SOL_LICITUDS_PRESTEC!G26,"Error") -> Error | J26: =IF(SOL_LICITUDS_PRESTEC!H14>G26,SOL_LICITUDS_PRESTEC!H26,"Error") -> Error | K26: =IF(J26 < TODAY(), DATEDIF(J26, TODAY(), "D"), 0) -> 0 | L26: 44971 | M26: 12 | N26: =IF(EDATE(L26, M26) > TODAY(), "VIGENT", "CADUCADA") -> CADUCADA | O26: =0 -> 0
A27: MON009 | B27: Monitor | C27: Dell | D27: P2422H 24" | E27: ADMINISTRACIO_01 | F27: NO | G27: Manteniment | I27: =IF(SOL_LICITUDS_PRESTEC!G27>=TODAY(),SOL_LICITUDS_PRESTEC!G27,"Error") -> Error | J27: =IF(SOL_LICITUDS_PRESTEC!H15>G27,SOL_LICITUDS_PRESTEC!H27,"Error") -> Error | K27: =IF(J27 < TODAY(), DATEDIF(J27, TODAY(), "D"), 0) -> 0 | L27: 44971 | M27: 24 | N27: =IF(EDATE(L27, M27) > TODAY(), "VIGENT", "CADUCADA") -> CADUCADA | O27: =0 -> 0
A28: TEC007 | B28: Teclat | C28: Logitech | D28: K120 | E28: ADMINISTRACIO_01 | F28: NO | G28: Manteniment | I28: =IF(SOL_LICITUDS_PRESTEC!G28>=TODAY(),SOL_LICITUDS_PRESTEC!G28,"Error") -> Error | J28: =IF(SOL_LICITUDS_PRESTEC!H16>G28,SOL_LICITUDS_PRESTEC!H28,"Error") -> Error | K28: =IF(J28 < TODAY(), DATEDIF(J28, TODAY(), "D"), 0) -> 0 | L28: 44971 | M28: 12 | N28: =IF(EDATE(L28, M28) > TODAY(), "VIGENT", "CADUCADA") -> CADUCADA | O28: =0 -> 0
A29: RAT007 | B29: Ratolí | C29: Logitech | D29: B100 | E29: ADMINISTRACIO_01 | F29: NO | G29: Manteniment | I29: =IF(SOL_LICITUDS_PRESTEC!G29>=TODAY(),SOL_LICITUDS_PRESTEC!G29,"Error") -> Error | J29: =IF(SOL_LICITUDS_PRESTEC!H17>G29,SOL_LICITUDS_PRESTEC!H29,"Error") -> Error | K29: =IF(J29 < TODAY(), DATEDIF(J29, TODAY(), "D"), 0) -> 0 | L29: 44971 | M29: 12 | N29: =IF(EDATE(L29, M29) > TODAY(), "VIGENT", "CADUCADA") -> CADUCADA | O29: =0 -> 0
A30: IMP001 | B30: Impressora | C30: HP | D30: LaserJet Pro M404n | E30: ADMINISTRACIO_01 | F30: NO | G30: Manteniment | I30: =IF(SOL_LICITUDS_PRESTEC!G30>=TODAY(),SOL_LICITUDS_PRESTEC!G30,"Error") -> Error | J30: =IF(SOL_LICITUDS_PRESTEC!H18>G30,SOL_LICITUDS_PRESTEC!H30,"Error") -> Error | K30: =IF(J30 < TODAY(), DATEDIF(J30, TODAY(), "D"), 0) -> 0 | L30: 44788 | M30: 24 | N30: =IF(EDATE(L30, M30) > TODAY(), "VIGENT", "CADUCADA") -> CADUCADA | O30: =0 -> 0
A31: IMP002 | B31: Impressora | C31: Canon | D31: PIXMA G3470 | E31: ENGINYERIA_02 | F31: NO | G31: Avariat | I31: =IF(SOL_LICITUDS_PRESTEC!G31>=TODAY(),SOL_LICITUDS_PRESTEC!G31,"Error") -> Error | J31: =IF(SOL_LICITUDS_PRESTEC!H19>G31,SOL_LICITUDS_PRESTEC!H31,"Error") -> Error | K31: =IF(J31 < TODAY(), DATEDIF(J31, TODAY(), "D"), 0) -> 0 | L31: 44533 | M31: 24 | N31: =IF(EDATE(L31, M31) > TODAY(), "VIGENT", "CADUCADA") -> CADUCADA | O31: =0 -> 0 | P31: Capacitat impressió
A32: IMP003 | B32: Impressora | C32: Brother | D32: HL-L2375DW | E32: ENGINYERIA_01 | F32: NO | G32: Manteniment | I32: =IF(SOL_LICITUDS_PRESTEC!G32>=TODAY(),SOL_LICITUDS_PRESTEC!G32,"Error") -> Error | J32: =IF(SOL_LICITUDS_PRESTEC!H20>G32,SOL_LICITUDS_PRESTEC!H32,"Error") -> Error | K32: =IF(J32 < TODAY(), DATEDIF(J32, TODAY(), "D"), 0) -> 0 | L32: 45028 | M32: 24 | N32: =IF(EDATE(L32, M32) > TODAY(), "VIGENT", "CADUCADA") -> CADUCADA | O32: =0 -> 0
A33: POR003 | B33: Portàtil | C33: Dell | D33: Latitude 5520 | E33: MAGATZEM | F33: SI | G33: Disponible | I33: =IF(SOL_LICITUDS_PRESTEC!G33>=TODAY(),SOL_LICITUDS_PRESTEC!G33,"Error") -> Error | J33: =IF(SOL_LICITUDS_PRESTEC!H21>G33,SOL_LICITUDS_PRESTEC!H33,"Error") -> Error | K33: =IF(J33 < TODAY(), DATEDIF(J33, TODAY(), "D"), 0) -> 0 | L33: 45092 | M33: 36 | N33: =IF(EDATE(L33, M33) > TODAY(), "VIGENT", "CADUCADA") -> VIGENT | O33: =0 -> 0
A34: POR005 | B34: Portàtil | C34: HP | D34: EliteBook 840 | E34: MAGATZEM | F34: SI | G34: Disponible | I34: =IF(SOL_LICITUDS_PRESTEC!G34>=TODAY(),SOL_LICITUDS_PRESTEC!G34,"Error") -> Error | J34: =IF(SOL_LICITUDS_PRESTEC!H22>G34,SOL_LICITUDS_PRESTEC!H34,"Error") -> Error | K34: =IF(J34 < TODAY(), DATEDIF(J34, TODAY(), "D"), 0) -> 0 | L34: 45148 | M34: 12 | N34: =IF(EDATE(L34, M34) > TODAY(), "VIGENT", "CADUCADA") -> CADUCADA | O34: =0 -> 0
A35: POR008 | B35: Portàtil | C35: HP | D35: ProBook 650 | E35: MAGATZEM | F35: SI | G35: Disponible | I35: =IF(SOL_LICITUDS_PRESTEC!G35>=TODAY(),SOL_LICITUDS_PRESTEC!G35,"Error") -> Error | J35: =IF(SOL_LICITUDS_PRESTEC!H23>G35,SOL_LICITUDS_PRESTEC!H35,"Error") -> Error | K35: =IF(J35 < TODAY(), DATEDIF(J35, TODAY(), "D"), 0) -> 0 | L35: 45191 | M35: 12 | N35: =IF(EDATE(L35, M35) > TODAY(), "VIGENT", "CADUCADA") -> CADUCADA | O35: =0 -> 0
A36: POR009 | B36: Portàtil | C36: Dell | D36: Latitude 7420 | E36: MAGATZEM | F36: SI | G36: Disponible | I36: =IF(SOL_LICITUDS_PRESTEC!G36>=TODAY(),SOL_LICITUDS_PRESTEC!G36,"Error") -> Error | J36: =IF(SOL_LICITUDS_PRESTEC!H24>G36,SOL_LICITUDS_PRESTEC!H36,"Error") -> Error | K36: =IF(J36 < TODAY(), DATEDIF(J36, TODAY(), "D"), 0) -> 0 | L36: 44699 | M36: 12 | N36: =IF(EDATE(L36, M36) > TODAY(), "VIGENT", "CADUCADA") -> CADUCADA | O36: =0 -> 0
A37: POR011 | B37: Portàtil | C37: HP | D37: EliteBook 850 | E37: DESPATX_DIRECCIO | F37: NO | G37: Manteniment | I37: =IF(SOL_LICITUDS_PRESTEC!G37>=TODAY(),SOL_LICITUDS_PRESTEC!G37,"Error") -> Error | J37: =IF(SOL_LICITUDS_PRESTEC!H25>G37,SOL_LICITUDS_PRESTEC!H37,"Error") -> Error | K37: =IF(J37 < TODAY(), DATEDIF(J37, TODAY(), "D"), 0) -> 0 | L37: 45204 | M37: 12 | N37: =IF(EDATE(L37, M37) > TODAY(), "VIGENT", "CADUCADA") -> CADUCADA | O37: =0 -> 0
A38: POR012 | B38: Portàtil | C38: Dell | D38: XPS 15 | E38: COMERCIAL_01 | F38: NO | G38: Manteniment | I38: =IF(SOL_LICITUDS_PRESTEC!G38>=TODAY(),SOL_LICITUDS_PRESTEC!G38,"Error") -> Error | J38: =IF(SOL_LICITUDS_PRESTEC!H26>G38,SOL_LICITUDS_PRESTEC!H38,"Error") -> Error | K38: =IF(J38 < TODAY(), DATEDIF(J38, TODAY(), "D"), 0) -> 0 | L38: 45248 | M38: 12 | N38: =IF(EDATE(L38, M38) > TODAY(), "VIGENT", "CADUCADA") -> CADUCADA | O38: =0 -> 0
A39: TAB003 | B39: Tàblet | C39: iPad | D39: Air 5 | E39: MAGATZEM | F39: SI | G39: Disponible | I39: =IF(SOL_LICITUDS_PRESTEC!G39>=TODAY(),SOL_LICITUDS_PRESTEC!G39,"Error") -> Error | J39: =IF(SOL_LICITUDS_PRESTEC!H27>G39,SOL_LICITUDS_PRESTEC!H39,"Error") -> Error | K39: =IF(J39 < TODAY(), DATEDIF(J39, TODAY(), "D"), 0) -> 0 | L39: 45076 | M39: 24 | N39: =IF(EDATE(L39, M39) > TODAY(), "VIGENT", "CADUCADA") -> CADUCADA | O39: =0 -> 0
A40: TAB005 | B40: Tàblet | C40: iPad | D40: Pro 12.9" | E40: MAGATZEM | F40: SI | G40: Disponible | I40: =IF(SOL_LICITUDS_PRESTEC!G40>=TODAY(),SOL_LICITUDS_PRESTEC!G40,"Error") -> Error | J40: =IF(SOL_LICITUDS_PRESTEC!H28>G40,SOL_LICITUDS_PRESTEC!H40,"Error") -> Error | K40: =IF(J40 < TODAY(), DATEDIF(J40, TODAY(), "D"), 0) -> 0 | L40: 45152 | M40: 24 | N40: =IF(EDATE(L40, M40) > TODAY(), "VIGENT", "CADUCADA") -> CADUCADA | O40: =0 -> 0
A41: TAB006 | B41: Tàblet | C41: Microsoft | D41: Surface Pro 9 | E41: MAGATZEM | F41: NO | G41: Avariat | I41: =IF(SOL_LICITUDS_PRESTEC!G41>=TODAY(),SOL_LICITUDS_PRESTEC!G41,"Error") -> Error | J41: =IF(SOL_LICITUDS_PRESTEC!H29>G41,SOL_LICITUDS_PRESTEC!H41,"Error") -> Error | K41: =IF(J41 < TODAY(), DATEDIF(J41, TODAY(), "D"), 0) -> 0 | L41: 45117 | M41: 36 | N41: =IF(EDATE(L41, M41) > TODAY(), "VIGENT", "CADUCADA") -> VIGENT | O41: =0 -> 0 | P41: Pantalla trencada
A42: TAB007 | B42: Tàblet | C42: iPad | D42: Mini 6 | E42: MAGATZEM | F42: SI | G42: En_Prestec | I42: =IF(SOL_LICITUDS_PRESTEC!G42>=TODAY(),SOL_LICITUDS_PRESTEC!G42,"Error") -> Error | J42: =IF(SOL_LICITUDS_PRESTEC!H30>G42,SOL_LICITUDS_PRESTEC!H42,"Error") -> Error | K42: =IF(J42 < TODAY(), DATEDIF(J42, TODAY(), "D"), 0) -> 0 | L42: 45174 | M42: 24 | N42: =IF(EDATE(L42, M42) > TODAY(), "VIGENT", "CADUCADA") -> CADUCADA | O42: =0 -> 0
A43: MOB001 | B43: Mòbil | C43: iPhone | D43: 13 | E43: MAGATZEM | F43: NO | G43: Manteniment | I43: =IF(SOL_LICITUDS_PRESTEC!G43>=TODAY(),SOL_LICITUDS_PRESTEC!G43,"Error") -> Error | J43: =IF(SOL_LICITUDS_PRESTEC!H31>G43,SOL_LICITUDS_PRESTEC!H43,"Error") -> Error | K43: =IF(J43 < TODAY(), DATEDIF(J43, TODAY(), "D"), 0) -> 0 | L43: 45036 | M43: 36 | N43: =IF(EDATE(L43, M43) > TODAY(), "VIGENT", "CADUCADA") -> VIGENT | O43: =0 -> 0 | P43: Bateria inflada
A44: MOB002 | B44: Mòbil | C44: Samsung | D44: Galaxy S23 | E44: MAGATZEM | F44: SI | G44: Disponible | I44: =IF(SOL_LICITUDS_PRESTEC!G44>=TODAY(),SOL_LICITUDS_PRESTEC!G44,"Error") -> Error | J44: =IF(SOL_LICITUDS_PRESTEC!H32>G44,SOL_LICITUDS_PRESTEC!H44,"Error") -> Error | K44: =IF(J44 < TODAY(), DATEDIF(J44, TODAY(), "D"), 0) -> 0 | L44: 45085 | M44: 24 | N44: =IF(EDATE(L44, M44) > TODAY(), "VIGENT", "CADUCADA") -> CADUCADA | O44: =0 -> 0
A45: MOB004 | B45: Mòbil | C45: Samsung | D45: Galaxy A54 | E45: MAGATZEM | F45: SI | G45: Disponible | I45: =IF(SOL_LICITUDS_PRESTEC!G45>=TODAY(),SOL_LICITUDS_PRESTEC!G45,"Error") -> Error | J45: =IF(SOL_LICITUDS_PRESTEC!H33>G45,SOL_LICITUDS_PRESTEC!H45,"Error") -> Error | K45: =IF(J45 < TODAY(), DATEDIF(J45, TODAY(), "D"), 0) -> 0 | L45: 45122 | M45: 24 | N45: =IF(EDATE(L45, M45) > TODAY(), "VIGENT", "CADUCADA") -> CADUCADA | O45: =0 -> 0
A46: MOB005 | B46: Mòbil | C46: iPhone | D46: 13 Pro | E46: MAGATZEM | F46: NO | G46: Avariat | I46: =IF(SOL_LICITUDS_PRESTEC!G46>=TODAY(),SOL_LICITUDS_PRESTEC!G46,"Error") -> Error | J46: =IF(SOL_LICITUDS_PRESTEC!H34>G46,SOL_LICITUDS_PRESTEC!H46,"Error") -> Error | K46: =IF(J46 < TODAY(), DATEDIF(J46, TODAY(), "D"), 0) -> 0 | L46: 44803 | M46: 24 | N46: =IF(EDATE(L46, M46) > TODAY(), "VIGENT", "CADUCADA") -> CADUCADA | O46: =0 -> 0 | P46: Pantalla i lateral trencat
A47: MOB006 | B47: Mòbil | C47: Xiaomi | D47: Redmi Note 12 | E47: MAGATZEM | F47: SI | G47: Disponible | I47: =IF(SOL_LICITUDS_PRESTEC!G47>=TODAY(),SOL_LICITUDS_PRESTEC!G47,"Error") -> Error | J47: =IF(SOL_LICITUDS_PRESTEC!H35>G47,SOL_LICITUDS_PRESTEC!H47,"Error") -> Error | K47: =IF(J47 < TODAY(), DATEDIF(J47, TODAY(), "D"), 0) -> 0 | L47: 45270 | M47: 24 | N47: =IF(EDATE(L47, M47) > TODAY(), "VIGENT", "CADUCADA") -> VIGENT | O47: =0 -> 0
A48: DD003 | B48: Disc extern | C48: Seagate | D48: 4TB | E48: MAGATZEM | F48: SI | G48: Disponible | I48: =IF(SOL_LICITUDS_PRESTEC!G48>=TODAY(),SOL_LICITUDS_PRESTEC!G48,"Error") -> Error | J48: =IF(SOL_LICITUDS_PRESTEC!H36>G48,SOL_LICITUDS_PRESTEC!H48,"Error") -> Error | K48: =IF(J48 < TODAY(), DATEDIF(J48, TODAY(), "D"), 0) -> 0 | L48: 45038 | M48: 24 | N48: =IF(EDATE(L48, M48) > TODAY(), "VIGENT", "CADUCADA") -> CADUCADA | O48: =0 -> 0
A49: CAM001 | B49: Càmera | C49: Canon | D49: EOS M50 | E49: MAGATZEM | F49: SI | G49: Disponible | I49: =IF(SOL_LICITUDS_PRESTEC!G49>=TODAY(),SOL_LICITUDS_PRESTEC!G49,"Error") -> Error | J49: =IF(SOL_LICITUDS_PRESTEC!H37>G49,SOL_LICITUDS_PRESTEC!H49,"Error") -> Error | K49: =IF(J49 < TODAY(), DATEDIF(J49, TODAY(), "D"), 0) -> 0 | L49: 44706 | M49: 24 | N49: =IF(EDATE(L49, M49) > TODAY(), "VIGENT", "CADUCADA") -> CADUCADA | O49: =0 -> 0
A50: CAM003 | B50: Càmera | C50: GoPro | D50: Hero 11 | E50: MAGATZEM | F50: SI | G50: En_Prestec | I50: =IF(SOL_LICITUDS_PRESTEC!G50>=TODAY(),SOL_LICITUDS_PRESTEC!G50,"Error") -> Error | J50: =IF(SOL_LICITUDS_PRESTEC!H38>G50,SOL_LICITUDS_PRESTEC!H50,"Error") -> Error | K50: =IF(J50 < TODAY(), DATEDIF(J50, TODAY(), "D"), 0) -> 0 | L50: 45115 | M50: 24 | N50: =IF(EDATE(L50, M50) > TODAY(), "VIGENT", "CADUCADA") -> CADUCADA | O50: =0 -> 0
A51: CAM004 | B51: Càmera | C51: DJI | D51: Pocket 2 | E51: MAGATZEM | F51: NO | G51: Avariat | I51: =IF(SOL_LICITUDS_PRESTEC!G51>=TODAY(),SOL_LICITUDS_PRESTEC!G51,"Error") -> Error | J51: =IF(SOL_LICITUDS_PRESTEC!H39>G51,SOL_LICITUDS_PRESTEC!H51,"Error") -> Error | K51: =IF(J51 < TODAY(), DATEDIF(J51, TODAY(), "D"), 0) -> 0 | L51: 44822 | M51: 24 | N51: =IF(EDATE(L51, M51) > TODAY(), "VIGENT", "CADUCADA") -> CADUCADA | O51: =0 -> 0 | P51: Estabilitzador danyat
A52: PROJ003 | B52: Projector | C52: Epson | D52: EB-2247U | E52: MAGATZEM | F52: NO | G52: Manteniment | I52: =IF(SOL_LICITUDS_PRESTEC!G52>=TODAY(),SOL_LICITUDS_PRESTEC!G52,"Error") -> Error | J52: =IF(SOL_LICITUDS_PRESTEC!H40>G52,SOL_LICITUDS_PRESTEC!H52,"Error") -> Error | K52: =IF(J52 < TODAY(), DATEDIF(J52, TODAY(), "D"), 0) -> 0 | L52: 44499 | M52: 24 | N52: =IF(EDATE(L52, M52) > TODAY(), "VIGENT", "CADUCADA") -> CADUCADA | O52: =0 -> 0 | P52: Cal canviar la làmpada
A53: ACC003 | B53: Accesoris | C53: Jabra | D53: Auriculars Evolve | E53: MAGATZEM | F53: SI | G53: Disponible | I53: =IF(SOL_LICITUDS_PRESTEC!G53>=TODAY(),SOL_LICITUDS_PRESTEC!G53,"Error") -> Error | J53: =IF(SOL_LICITUDS_PRESTEC!H41>G53,SOL_LICITUDS_PRESTEC!H53,"Error") -> Error | K53: =IF(J53 < TODAY(), DATEDIF(J53, TODAY(), "D"), 0) -> 0 | L53: 45181 | M53: 24 | N53: =IF(EDATE(L53, M53) > TODAY(), "VIGENT", "CADUCADA") -> CADUCADA | O53: =0 -> 0
A54: ACC004 | B54: Accesoris | C54: Logitech | D54: Webcam C920 | E54: MAGATZEM | F54: SI | G54: Disponible | I54: =IF(SOL_LICITUDS_PRESTEC!G54>=TODAY(),SOL_LICITUDS_PRESTEC!G54,"Error") -> Error | J54: =IF(SOL_LICITUDS_PRESTEC!H42>G54,SOL_LICITUDS_PRESTEC!H54,"Error") -> Error | K54: =IF(J54 < TODAY(), DATEDIF(J54, TODAY(), "D"), 0) -> 0 | L54: 45238 | M54: 24 | N54: =IF(EDATE(L54, M54) > TODAY(), "VIGENT", "CADUCADA") -> CADUCADA | O54: =0 -> 0
A55: ACC005 | B55: Accesoris | C55: HP | D55: Base refrigerant | E55: MAGATZEM | F55: SI | G55: Disponible | I55: =IF(SOL_LICITUDS_PRESTEC!G55>=TODAY(),SOL_LICITUDS_PRESTEC!G55,"Error") -> Error | J55: =IF(SOL_LICITUDS_PRESTEC!H43>G55,SOL_LICITUDS_PRESTEC!H55,"Error") -> Error | K55: =IF(J55 < TODAY(), DATEDIF(J55, TODAY(), "D"), 0) -> 0 | L55: 45102 | M55: 12 | N55: =IF(EDATE(L55, M55) > TODAY(), "VIGENT", "CADUCADA") -> CADUCADA | O55: =0 -> 0
A56: ORD010 | B56: Ordinador | C56: Apple | D56: Mac Mini M2 | E56: DESPATX_01 | F56: NO | G56: Manteniment | I56: =IF(SOL_LICITUDS_PRESTEC!G56>=TODAY(),SOL_LICITUDS_PRESTEC!G56,"Error") -> Error | J56: =IF(SOL_LICITUDS_PRESTEC!H44>G56,SOL_LICITUDS_PRESTEC!H56,"Error") -> Error | K56: =IF(J56 < TODAY(), DATEDIF(J56, TODAY(), "D"), 0) -> 0 | L56: 45275 | M56: 12 | N56: =IF(EDATE(L56, M56) > TODAY(), "VIGENT", "CADUCADA") -> CADUCADA | O56: =0 -> 0
A57: MON012 | B57: Monitor | C57: LG | D57: UltraFine 27" | E57: DESPATX_01 | F57: NO | G57: Manteniment | I57: =IF(SOL_LICITUDS_PRESTEC!G57>=TODAY(),SOL_LICITUDS_PRESTEC!G57,"Error") -> Error | J57: =IF(SOL_LICITUDS_PRESTEC!H45>G57,SOL_LICITUDS_PRESTEC!H57,"Error") -> Error | K57: =IF(J57 < TODAY(), DATEDIF(J57, TODAY(), "D"), 0) -> 0 | L57: 45275 | M57: 24 | N57: =IF(EDATE(L57, M57) > TODAY(), "VIGENT", "CADUCADA") -> VIGENT | O57: =0 -> 0
A58: TEC010 | B58: Teclat | C58: Apple | D58: Magic Keyboard | E58: DESPATX_01 | F58: NO | G58: Manteniment | I58: =IF(SOL_LICITUDS_PRESTEC!G58>=TODAY(),SOL_LICITUDS_PRESTEC!G58,"Error") -> Error | J58: =IF(SOL_LICITUDS_PRESTEC!H46>G58,SOL_LICITUDS_PRESTEC!H58,"Error") -> Error | K58: =IF(J58 < TODAY(), DATEDIF(J58, TODAY(), "D"), 0) -> 0 | L58: 45275 | M58: 24 | N58: =IF(EDATE(L58, M58) > TODAY(), "VIGENT", "CADUCADA") -> VIGENT | O58: =0 -> 0
A59: RAT010 | B59: Ratolí | C59: Apple | D59: Magic Mouse | E59: DESPATX_01 | F59: NO | G59: Manteniment | I59: =IF(SOL_LICITUDS_PRESTEC!G59>=TODAY(),SOL_LICITUDS_PRESTEC!G59,"Error") -> Error | J59: =IF(SOL_LICITUDS_PRESTEC!H47>G59,SOL_LICITUDS_PRESTEC!H59,"Error") -> Error | K59: =IF(J59 < TODAY(), DATEDIF(J59, TODAY(), "D"), 0) -> 0 | L59: 45275 | M59: 24 | N59: =IF(EDATE(L59, M59) > TODAY(), "VIGENT", "CADUCADA") -> VIGENT | O59: =0 -> 0
A60: ORD001 | B60: Ordinador | C60: Dell | D60: OptiPlex 7090 | E60: DESPATX_01 | F60: SI | G60: Disponible | I60: =IF(SOL_LICITUDS_PRESTEC!G60>=TODAY(),SOL_LICITUDS_PRESTEC!G60,"Error") -> Error | J60: =IF(SOL_LICITUDS_PRESTEC!H48>G60,SOL_LICITUDS_PRESTEC!H60,"Error") -> Error | K60: =IF(J60 < TODAY(), DATEDIF(J60, TODAY(), "D"), 0) -> 0 | L60: 44941 | M60: 36 | N60: =IF(EDATE(L60, M60) > TODAY(), "VIGENT", "CADUCADA") -> VIGENT | O60: =0 -> 0
A61: MON001 | B61: Monitor | C61: Dell | D61: P2422H 24" | E61: DESPATX_01 | F61: SI | G61: Disponible | I61: =IF(SOL_LICITUDS_PRESTEC!G61>=TODAY(),SOL_LICITUDS_PRESTEC!G61,"Error") -> Error | J61: =IF(SOL_LICITUDS_PRESTEC!H49>G61,SOL_LICITUDS_PRESTEC!H61,"Error") -> Error | K61: =IF(J61 < TODAY(), DATEDIF(J61, TODAY(), "D"), 0) -> 0 | L61: 44941 | M61: 24 | N61: =IF(EDATE(L61, M61) > TODAY(), "VIGENT", "CADUCADA") -> CADUCADA | O61: =0 -> 0
A62: TEC001 | B62: Teclat | C62: Logitech | D62: K120 | E62: DESPATX_01 | F62: SI | G62: Disponible | I62: =IF(SOL_LICITUDS_PRESTEC!G62>=TODAY(),SOL_LICITUDS_PRESTEC!G62,"Error") -> Error | J62: =IF(SOL_LICITUDS_PRESTEC!H50>G62,SOL_LICITUDS_PRESTEC!H62,"Error") -> Error | K62: =IF(J62 < TODAY(), DATEDIF(J62, TODAY(), "D"), 0) -> 0 | L62: 44941 | M62: 12 | N62: =IF(EDATE(L62, M62) > TODAY(), "VIGENT", "CADUCADA") -> CADUCADA | O62: =0 -> 0
A63: RAT001 | B63: Ratolí | C63: Logitech | D63: B100 | E63: DESPATX_01 | F63: NO | G63: Avariat | I63: =IF(SOL_LICITUDS_PRESTEC!G63>=TODAY(),SOL_LICITUDS_PRESTEC!G63,"Error") -> Error | J63: =IF(SOL_LICITUDS_PRESTEC!H51>G63,SOL_LICITUDS_PRESTEC!H63,"Error") -> Error | K63: =IF(J63 < TODAY(), DATEDIF(J63, TODAY(), "D"), 0) -> 0 | L63: 44941 | M63: 12 | N63: =IF(EDATE(L63, M63) > TODAY(), "VIGENT", "CADUCADA") -> CADUCADA | O63: =0 -> 0 | P63: Botó dret avariat
A64: POR001 | B64: Portàtil | C64: Lenovo | D64: ThinkPad T14 | E64: MAGATZEM | F64: SI | G64: En_Prestec | H64: Hèctor? | I64: =IF(SOL_LICITUDS_PRESTEC!G64>=TODAY(),SOL_LICITUDS_PRESTEC!G64,"Error") -> Error | J64: =IF(SOL_LICITUDS_PRESTEC!H52>G64,SOL_LICITUDS_PRESTEC!H64,"Error") -> Error | K64: =IF(J64 < TODAY(), DATEDIF(J64, TODAY(), "D"), 0) -> 0 | L64: 44946 | M64: 36 | N64: =IF(EDATE(L64, M64) > TODAY(), "VIGENT", "CADUCADA") -> VIGENT | O64: =0 -> 0 | P64: prestat a Hèctor?
A65: TAB001 | B65: Tàblet | C65: iPad | D65: Pro 11" | E65: MAGATZEM | F65: SI | G65: Disponible | I65: =IF(SOL_LICITUDS_PRESTEC!G65>=TODAY(),SOL_LICITUDS_PRESTEC!G65,"Error") -> Error | J65: =IF(SOL_LICITUDS_PRESTEC!H53>G65,SOL_LICITUDS_PRESTEC!H65,"Error") -> Error | K65: =IF(J65 < TODAY(), DATEDIF(J65, TODAY(), "D"), 0) -> 0 | L65: 45010 | M65: 24 | N65: =IF(EDATE(L65, M65) > TODAY(), "VIGENT", "CADUCADA") -> CADUCADA | O65: =0 -> 0
A66: DD001 | B66: Disc extern | C66: Seagate | D66: 2TB | E66: MAGATZEM | F66: SI | G66: Disponible | I66: =IF(SOL_LICITUDS_PRESTEC!G66>=TODAY(),SOL_LICITUDS_PRESTEC!G66,"Error") -> Error | J66: =IF(SOL_LICITUDS_PRESTEC!H54>G66,SOL_LICITUDS_PRESTEC!H66,"Error") -> Error | K66: =IF(J66 < TODAY(), DATEDIF(J66, TODAY(), "D"), 0) -> 0 | L66: 44944 | M66: 24 | N66: =IF(EDATE(L66, M66) > TODAY(), "VIGENT", "CADUCADA") -> CADUCADA | O66: =0 -> 0
A67: ACC001 | B67: Accesoris | C67: Logitech | D67: MX Master | E67: MAGATZEM | F67: SI | G67: Disponible | I67: =IF(SOL_LICITUDS_PRESTEC!G67>=TODAY(),SOL_LICITUDS_PRESTEC!G67,"Error") -> Error | J67: =IF(SOL_LICITUDS_PRESTEC!H55>G67,SOL_LICITUDS_PRESTEC!H67,"Error") -> Error | K67: =IF(J67 < TODAY(), DATEDIF(J67, TODAY(), "D"), 0) -> 0 | L67: 45000 | M67: 12 | N67: =IF(EDATE(L67, M67) > TODAY(), "VIGENT", "CADUCADA") -> CADUCADA | O67: =0 -> 0
A68: ORD003 | B68: Ordinador | C68: Lenovo | D68: Thinkcentre M75S | E68: ENGINYERIA_01 | F68: SI | G68: Disponible | I68: =IF(SOL_LICITUDS_PRESTEC!G68>=TODAY(),SOL_LICITUDS_PRESTEC!G68,"Error") -> Error | J68: =IF(SOL_LICITUDS_PRESTEC!H56>G68,SOL_LICITUDS_PRESTEC!H68,"Error") -> Error | K68: =IF(J68 < TODAY(), DATEDIF(J68, TODAY(), "D"), 0) -> 0 | L68: 44995 | M68: 36 | N68: =IF(EDATE(L68, M68) > TODAY(), "VIGENT", "CADUCADA") -> VIGENT | O68: =0 -> 0
A69: MON003 | B69: Monitor | C69: LG | D69: UL500 27" | E69: ENGINYERIA_01 | F69: SI | G69: Disponible | I69: =IF(SOL_LICITUDS_PRESTEC!G69>=TODAY(),SOL_LICITUDS_PRESTEC!G69,"Error") -> Error | J69: =IF(SOL_LICITUDS_PRESTEC!H57>G69,SOL_LICITUDS_PRESTEC!H69,"Error") -> Error | K69: =IF(J69 < TODAY(), DATEDIF(J69, TODAY(), "D"), 0) -> 0 | L69: 44995 | M69: 24 | N69: =IF(EDATE(L69, M69) > TODAY(), "VIGENT", "CADUCADA") -> CADUCADA | O69: =0 -> 0 | P69: Principal
A70: MON004 | B70: Monitor | C70: LG | D70: 24HN430H | E70: ENGINYERIA_01 | F70: SI | G70: Disponible | I70: =IF(SOL_LICITUDS_PRESTEC!G70>=TODAY(),SOL_LICITUDS_PRESTEC!G70,"Error") -> Error | J70: =IF(SOL_LICITUDS_PRESTEC!H58>G70,SOL_LICITUDS_PRESTEC!H70,"Error") -> Error | K70: =IF(J70 < TODAY(), DATEDIF(J70, TODAY(), "D"), 0) -> 0 | L70: 44995 | M70: 24 | N70: =IF(EDATE(L70, M70) > TODAY(), "VIGENT", "CADUCADA") -> CADUCADA | O70: =0 -> 0 | P70: Secundari
A71: TEC008 | B71: Teclat | C71: Logitech | D71: G915 TKL | E71: IT-01 | F71: SI | G71: Disponible | I71: =IF(SOL_LICITUDS_PRESTEC!G71>=TODAY(),SOL_LICITUDS_PRESTEC!G71,"Error") -> Error | J71: =IF(SOL_LICITUDS_PRESTEC!H59>G71,SOL_LICITUDS_PRESTEC!H71,"Error") -> Error | K71: =IF(J71 < TODAY(), DATEDIF(J71, TODAY(), "D"), 0) -> 0 | L71: 44995 | M71: 24 | N71: =IF(EDATE(L71, M71) > TODAY(), "VIGENT", "CADUCADA") -> CADUCADA | O71: =0 -> 0
A72: RAT009 | B72: Ratolí | C72: Logitech | D72: MX Master 3 | E72: IT-01 | F72: SI | G72: Disponible | I72: =IF(SOL_LICITUDS_PRESTEC!G72>=TODAY(),SOL_LICITUDS_PRESTEC!G72,"Error") -> Error | J72: =IF(SOL_LICITUDS_PRESTEC!H60>G72,SOL_LICITUDS_PRESTEC!H72,"Error") -> Error | K72: =IF(J72 < TODAY(), DATEDIF(J72, TODAY(), "D"), 0) -> 0 | L72: 44995 | M72: 24 | N72: =IF(EDATE(L72, M72) > TODAY(), "VIGENT", "CADUCADA") -> CADUCADA | O72: =0 -> 0
A73: ORD004 | B73: Ordinador | C73: Lenovo | D73: Thinkcentre M75S | E73: ENGINYERIA_02 | F73: SI | G73: Disponible | I73: =IF(SOL_LICITUDS_PRESTEC!G73>=TODAY(),SOL_LICITUDS_PRESTEC!G73,"Error") -> Error | J73: =IF(SOL_LICITUDS_PRESTEC!H61>G73,SOL_LICITUDS_PRESTEC!H73,"Error") -> Error | K73: =IF(J73 < TODAY(), DATEDIF(J73, TODAY(), "D"), 0) -> 0 | L73: 44997 | M73: 36 | N73: =IF(EDATE(L73, M73) > TODAY(), "VIGENT", "CADUCADA") -> VIGENT | O73: =0 -> 0
A74: MON005 | B74: Monitor | C74: LG | D74: UL500 27" | E74: ENGINYERIA_02 | F74: SI | G74: Disponible | I74: =IF(SOL_LICITUDS_PRESTEC!G74>=TODAY(),SOL_LICITUDS_PRESTEC!G74,"Error") -> Error | J74: =IF(SOL_LICITUDS_PRESTEC!H62>G74,SOL_LICITUDS_PRESTEC!H74,"Error") -> Error | K74: =IF(J74 < TODAY(), DATEDIF(J74, TODAY(), "D"), 0) -> 0 | L74: 44997 | M74: 24 | N74: =IF(EDATE(L74, M74) > TODAY(), "VIGENT", "CADUCADA") -> CADUCADA | O74: =0 -> 0 | P74: Ppal
A75: MON006 | B75: Monitor | C75: LG | D75: 24 MK430H 24" | E75: ENGINYERIA_02 | F75: NO | G75: Manteniment | I75: =IF(SOL_LICITUDS_PRESTEC!G75>=TODAY(),SOL_LICITUDS_PRESTEC!G75,"Error") -> Error | J75: =IF(SOL_LICITUDS_PRESTEC!H63>G75,SOL_LICITUDS_PRESTEC!H75,"Error") -> Error | K75: =IF(J75 < TODAY(), DATEDIF(J75, TODAY(), "D"), 0) -> 0 | L75: 44997 | M75: 24 | N75: =IF(EDATE(L75, M75) > TODAY(), "VIGENT", "CADUCADA") -> CADUCADA | O75: =0 -> 0 | P75: Píxels morts
A76: TEC004 | B76: Teclat | C76: Corsair | D76: K70 | E76: ENGINYERIA_02 | F76: SI | G76: Disponible | I76: =IF(SOL_LICITUDS_PRESTEC!G76>=TODAY(),SOL_LICITUDS_PRESTEC!G76,"Error") -> Error | J76: =IF(SOL_LICITUDS_PRESTEC!H64>G76,SOL_LICITUDS_PRESTEC!H76,"Error") -> Error | K76: =IF(J76 < TODAY(), DATEDIF(J76, TODAY(), "D"), 0) -> 0 | L76: 44997 | M76: 24 | N76: =IF(EDATE(L76, M76) > TODAY(), "VIGENT", "CADUCADA") -> CADUCADA | O76: =0 -> 0
A77: RAT004 | B77: Ratolí | C77: Logitech | D77: MX Master 3 | E77: ENGINYERIA_02 | F77: SI | G77: Disponible | I77: =IF(SOL_LICITUDS_PRESTEC!G77>=TODAY(),SOL_LICITUDS_PRESTEC!G77,"Error") -> Error | J77: =IF(SOL_LICITUDS_PRESTEC!H65>G77,SOL_LICITUDS_PRESTEC!H77,"Error") -> Error | K77: =IF(J77 < TODAY(), DATEDIF(J77, TODAY(), "D"), 0) -> 0 | L77: 44997 | M77: 24 | N77: =IF(EDATE(L77, M77) > TODAY(), "VIGENT", "CADUCADA") -> CADUCADA | O77: =0 -> 0
A78: MON010 | B78: Monitor | C78: Dell | D78: P2422H 24" | E78: ADMINISTRACIO_01 | F78: SI | G78: Disponible | I78: =IF(SOL_LICITUDS_PRESTEC!G78>=TODAY(),SOL_LICITUDS_PRESTEC!G78,"Error") -> Error | J78: =IF(SOL_LICITUDS_PRESTEC!H66>G78,SOL_LICITUDS_PRESTEC!H78,"Error") -> Error | K78: =IF(J78 < TODAY(), DATEDIF(J78, TODAY(), "D"), 0) -> 0 | L78: 45066 | M78: 24 | N78: =IF(EDATE(L78, M78) > TODAY(), "VIGENT", "CADUCADA") -> CADUCADA | O78: =0 -> 0
A79: ORD009 | B79: Ordinador | C79: Dell | D79: Precision 3660 | E79: Sala_Reunions_A | F79: SI | G79: Disponible | I79: =IF(SOL_LICITUDS_PRESTEC!G79>=TODAY(),SOL_LICITUDS_PRESTEC!G79,"Error") -> Error | J79: =IF(SOL_LICITUDS_PRESTEC!H67>G79,SOL_LICITUDS_PRESTEC!H79,"Error") -> Error | K79: =IF(J79 < TODAY(), DATEDIF(J79, TODAY(), "D"), 0) -> 0 | N79: =IF(EDATE(L79, M79) > TODAY(), "VIGENT", "CADUCADA") -> CADUCADA | O79: =0 -> 0
A80: MON011 | B80: Monitor | C80: Samsung | D80: Odyssey G7 32" | E80: Sala_Reunions_A | F80: SI | G80: Disponible | I80: =IF(SOL_LICITUDS_PRESTEC!G80>=TODAY(),SOL_LICITUDS_PRESTEC!G80,"Error") -> Error | J80: =IF(SOL_LICITUDS_PRESTEC!H68>G80,SOL_LICITUDS_PRESTEC!H80,"Error") -> Error | K80: =IF(J80 < TODAY(), DATEDIF(J80, TODAY(), "D"), 0) -> 0 | L80: 44951 | M80: 24 | N80: =IF(EDATE(L80, M80) > TODAY(), "VIGENT", "CADUCADA") -> CADUCADA | O80: =0 -> 0
A81: POR007 | B81: Portàtil | C81: Lenovo | D81: Thinkpad T16 | E81: Comercial_04 | F81: NO | G81: Avariat | I81: =IF(SOL_LICITUDS_PRESTEC!G81>=TODAY(),SOL_LICITUDS_PRESTEC!G81,"Error") -> Error | J81: =IF(SOL_LICITUDS_PRESTEC!H69>G81,SOL_LICITUDS_PRESTEC!H81,"Error") -> Error | K81: =IF(J81 < TODAY(), DATEDIF(J81, TODAY(), "D"), 0) -> 0 | L81: 45250 | M81: 36 | N81: =IF(EDATE(L81, M81) > TODAY(), "VIGENT", "CADUCADA") -> VIGENT | O81: =0 -> 0 | P81: Apareix a la llista provisional sense codi
A82: DD004 | B82: Disc extern | C82: Samsung | D82: T7 1TB | E82: MAGATZEM | F82: SI | G82: Disponible | I82: =IF(SOL_LICITUDS_PRESTEC!G82>=TODAY(),SOL_LICITUDS_PRESTEC!G82,"Error") -> Error | J82: =IF(SOL_LICITUDS_PRESTEC!H70>G82,SOL_LICITUDS_PRESTEC!H82,"Error") -> Error | K82: =IF(J82 < TODAY(), DATEDIF(J82, TODAY(), "D"), 0) -> 0 | L82: 45168 | M82: 24 | N82: =IF(EDATE(L82, M82) > TODAY(), "VIGENT", "CADUCADA") -> CADUCADA | O82: =0 -> 0
A83: TEC0011 | B83: Teclat | C83: Corsair | D83: Teclat gaming | E83: ENGINYERIA_01 | F83: SI | G83: Disponible | I83: =IF(SOL_LICITUDS_PRESTEC!G83>=TODAY(),SOL_LICITUDS_PRESTEC!G83,"Error") -> Error | J83: =IF(SOL_LICITUDS_PRESTEC!H71>G83,SOL_LICITUDS_PRESTEC!H83,"Error") -> Error | K83: =IF(J83 < TODAY(), DATEDIF(J83, TODAY(), "D"), 0) -> 0 | N83: =IF(EDATE(L83, M83) > TODAY(), "VIGENT", "CADUCADA") -> CADUCADA | O83: =0 -> 0 | P83: No se sap el model
A84: RAT008 | B84: Ratolí | C84: Logitech | D84: MX Master 3 | E84: ENGINYERIA_01 | F84: SI | G84: Disponible | I84: =IF(SOL_LICITUDS_PRESTEC!G84>=TODAY(),SOL_LICITUDS_PRESTEC!G84,"Error") -> Error | J84: =IF(SOL_LICITUDS_PRESTEC!H72>G84,SOL_LICITUDS_PRESTEC!H84,"Error") -> Error | K84: =IF(J84 < TODAY(), DATEDIF(J84, TODAY(), "D"), 0) -> 0 | L84: 45066 | M84: 24 | N84: =IF(EDATE(L84, M84) > TODAY(), "VIGENT", "CADUCADA") -> CADUCADA | O84: =0 -> 0
A85: ORD008 | B85: Ordinador | C85: HP | D85: EliteDesk 800 | E85: IT-01 | F85: SI | G85: Disponible | I85: =IF(SOL_LICITUDS_PRESTEC!G85>=TODAY(),SOL_LICITUDS_PRESTEC!G85,"Error") -> Error | J85: =IF(SOL_LICITUDS_PRESTEC!H73>G85,SOL_LICITUDS_PRESTEC!H85,"Error") -> Error | K85: =IF(J85 < TODAY(), DATEDIF(J85, TODAY(), "D"), 0) -> 0 | L85: 45066 | M85: 36 | N85: =IF(EDATE(L85, M85) > TODAY(), "VIGENT", "CADUCADA") -> VIGENT | O85: =0 -> 0 | P85: Falten codis!!
A86: MON012 | B86: Monitor | C86: Asus | D86: PA248QV 24" | E86: IT-01 | F86: SI | G86: Disponible | I86: =IF(SOL_LICITUDS_PRESTEC!G86>=TODAY(),SOL_LICITUDS_PRESTEC!G86,"Error") -> Error | J86: =IF(SOL_LICITUDS_PRESTEC!H74>G86,SOL_LICITUDS_PRESTEC!H86,"Error") -> Error | K86: =IF(J86 < TODAY(), DATEDIF(J86, TODAY(), "D"), 0) -> 0 | N86: =IF(EDATE(L86, M86) > TODAY(), "VIGENT", "CADUCADA") -> CADUCADA | O86: =0 -> 0
A87: TEC012 | B87: Teclat | C87: Logitech | D87: G915 TKL | E87: IT-01 | F87: SI | G87: Disponible | I87: =IF(SOL_LICITUDS_PRESTEC!G87>=TODAY(),SOL_LICITUDS_PRESTEC!G87,"Error") -> Error | J87: =IF(SOL_LICITUDS_PRESTEC!H75>G87,SOL_LICITUDS_PRESTEC!H87,"Error") -> Error | K87: =IF(J87 < TODAY(), DATEDIF(J87, TODAY(), "D"), 0) -> 0 | N87: =IF(EDATE(L87, M87) > TODAY(), "VIGENT", "CADUCADA") -> CADUCADA | O87: =0 -> 0
A88: TEC009 | B88: Teclat | C88: Logitech | D88: MX Keys | E88: Sala_Reunions_A | F88: SI | G88: Disponible | I88: =IF(SOL_LICITUDS_PRESTEC!G88>=TODAY(),SOL_LICITUDS_PRESTEC!G88,"Error") -> Error | J88: =IF(SOL_LICITUDS_PRESTEC!H76>G88,SOL_LICITUDS_PRESTEC!H88,"Error") -> Error | K88: =IF(J88 < TODAY(), DATEDIF(J88, TODAY(), "D"), 0) -> 0 | N88: =IF(EDATE(L88, M88) > TODAY(), "VIGENT", "CADUCADA") -> CADUCADA | O88: =0 -> 0
A89: RAT010 | B89: Ratolí | C89: Logitech | D89: MX Master 3 | E89: Sala_Reunions_A | F89: SI | G89: Disponible | I89: =IF(SOL_LICITUDS_PRESTEC!G89>=TODAY(),SOL_LICITUDS_PRESTEC!G89,"Error") -> Error | J89: =IF(SOL_LICITUDS_PRESTEC!H77>G89,SOL_LICITUDS_PRESTEC!H89,"Error") -> Error | K89: =IF(J89 < TODAY(), DATEDIF(J89, TODAY(), "D"), 0) -> 0 | N89: =IF(EDATE(L89, M89) > TODAY(), "VIGENT", "CADUCADA") -> CADUCADA | O89: =0 -> 0
A90: PROJ001 | B90: Projector | C90: Epson | D90: EB-X06 | E90: Sala_Reunions_A | F90: SI | G90: Disponible | I90: =IF(SOL_LICITUDS_PRESTEC!G90>=TODAY(),SOL_LICITUDS_PRESTEC!G90,"Error") -> Error | J90: =IF(SOL_LICITUDS_PRESTEC!H78>G90,SOL_LICITUDS_PRESTEC!H90,"Error") -> Error | K90: =IF(J90 < TODAY(), DATEDIF(J90, TODAY(), "D"), 0) -> 0 | L90: 44722 | M90: 24 | N90: =IF(EDATE(L90, M90) > TODAY(), "VIGENT", "CADUCADA") -> CADUCADA | O90: =0 -> 0 | P90: Ús tipus de material
A91: PROJ002 | B91: Projector | C91: Benq | D91: MH555FHD | E91: Sala_Reunions_B | F91: SI | G91: Disponible | I91: =IF(SOL_LICITUDS_PRESTEC!G91>=TODAY(),SOL_LICITUDS_PRESTEC!G91,"Error") -> Error | J91: =IF(SOL_LICITUDS_PRESTEC!H79>G91,SOL_LICITUDS_PRESTEC!H91,"Error") -> Error | K91: =IF(J91 < TODAY(), DATEDIF(J91, TODAY(), "D"), 0) -> 0 | L91: 44985 | M91: 24 | N91: =IF(EDATE(L91, M91) > TODAY(), "VIGENT", "CADUCADA") -> CADUCADA | O91: =0 -> 0
A92: POR010 | B92: Portàtil | C92: Dell | D92: Latitude | E92: MAGATZEM | F92: NO | G92: Manteniment | I92: =IF(SOL_LICITUDS_PRESTEC!G92>=TODAY(),SOL_LICITUDS_PRESTEC!G92,"Error") -> Error | J92: =IF(SOL_LICITUDS_PRESTEC!H80>G92,SOL_LICITUDS_PRESTEC!H92,"Error") -> Error | K92: =IF(J92 < TODAY(), DATEDIF(J92, TODAY(), "D"), 0) -> 0 | N92: =IF(EDATE(L92, M92) > TODAY(), "VIGENT", "CADUCADA") -> CADUCADA | O92: =0 -> 0 | P92: Pendent actualitzar BIOS
A93: RAT011 | B93: Ratolí | C93: Logitech | D93: MX Master 3 | E93: ENGINYERIA_02 | F93: SI | G93: Disponible | I93: =IF(SOL_LICITUDS_PRESTEC!G93>=TODAY(),SOL_LICITUDS_PRESTEC!G93,"Error") -> Error | J93: =IF(SOL_LICITUDS_PRESTEC!H81>G93,SOL_LICITUDS_PRESTEC!H93,"Error") -> Error | K93: =IF(J93 < TODAY(), DATEDIF(J93, TODAY(), "D"), 0) -> 0 | N93: =IF(EDATE(L93, M93) > TODAY(), "VIGENT", "CADUCADA") -> CADUCADA | O93: =0 -> 0

Sheet EQUIPS_EN_PRESTEC_ACTIUS
A1: Codi_Equip | B1: Tipus | C1: Marca | D1: Model | E1: Usuari_Actual | F1: Nom_Usuario | G1: Carrec_Usuario
